imu.rate,imu.alignmentQ,imu.heading_offset,nmea.client,wind.offset,rudder.offset,rudder.scale,rudder.nonlinearity,rudder.range,apb.xte.gain,servo.faults,servo.max_current,servo.current.factor,servo.current.offset,servo.voltage.factor,servo.voltage.offset,servo.max_controller_temp,servo.max_motor_temp,servo.max_slew_speed,servo.max_slew_slow,servo.gain,servo.period,servo.amp_hours,servo.speed.min,servo.speed.max,servo.use_eeprom,servo.disengage_on_timeout,ap.mode,ap.pilot.simple.P,ap.pilot.simple.I,ap.pilot.simple.D,ap.pilot,ap.tack.delay,ap.tack.angle,ap.tack.rate,signalk.period,signalk.uid,ap.pilot.simple.H,ap.pilot.simple.G,ap.pilot.simple.O,gps.source,wind.source,rudder.source,apb.source,imu.frequency,imu.alignmentCounter,imu.uptime,imu.heading_lowpass_constant,imu.headingrate_lowpass_constant,imu.headingraterate_lowpass_constant,imu.accel,imu.gyro,imu.compass,imu.accel.residuals,imu.pitch,imu.roll,imu.pitchrate,imu.rollrate,imu.headingrate,imu.headingraterate,imu.heel,imu.headingrate_lowpass,imu.headingraterate_lowpass,imu.heading,imu.heading_lowpass,imu.fusionQPose,gps.track,gps.speed,gps.lat,gps.lon,wind.direction,wind.speed,rudder.angle,rudder.speed,rudder.calibration_state,apb.track,apb.xte,servo.calibration,servo.position_command,servo.command,servo.voltage,servo.current,servo.controller_temp,servo.motor_temp,servo.engaged,servo.watts,servo.speed,servo.position,servo.raw_command,servo.state,servo.controller,servo.flags,ap.version,timestamp,ap.preferred_mode,ap.preferred_heading_command,ap.low_wind_limit,ap.heading_command,ap.enabled,ap.pilot.simple.Pgain,ap.pilot.simple.Igain,ap.pilot.simple.Dgain,ap.pilot.simple.Hgain,ap.pilot.simple.Ggain,ap.pilot.simple.Ogain,ap.heading,ap.heading_error,ap.heading_error_int,ap.tack.state,ap.tack.direction,ap.wind_angle,ap.wind_direction,ap.true_wind_direction,ap.wind_angle_smoothed,ap.wind_speed_smoothed,ap.true_wind_angle,ap.true_wind_speed,ap.smooth_factor_wind,ap.runtime,ap.timings
10,,,,,,,,,,,,,,,,,,,,,,,,,,,rudder angle,1.92,0.214,0.085,simple,,,,,,0.1,0.0,-10.0,gpsd,none,servo,none,,,,,,,,,,,,,,,,,,,,,,,,,,,,,-9.55,,,,,,,,,,,,False,,,,,,Servo,SYNC,,,,,,0.0,False,0.0,0.0,0.0,0.0,False,False,-9.0,,,none,port,,,,,,,,,,
10,"[0.9655393735217765, -0.028196757619555604, 0.002225641732711816, -0.25871549539561217]",-30.0,,-1.05,107.546875,346.875,60.0,45.0,0.0,1678,15.59,1.0,0.0,1.0,0.0,75.0,75.0,54.7244,79.9213,3.94,0.3987,6.897896281111382e-05,80.0,100.0,True,True,rudder angle,1.92,0.214,0.085,simple,0.0,104.8,22.81,0.5,pypilot,0.1,0.0,-10.0,gpsd,none,servo,none,9.978,0,21s ,0.2,0.2,0.1,"[-0.007, -0.051, 0.987]","[-0.0, -0.0, 0.127]","[-18.75, 14.0, 41.875]","[0.0, 0.0, -0.01]",0.456,-0.483,0.003,-0.005,0.127,-0.01,-0.483,0.075,0.084,10.959,10.959,"[0.93653792, 0.02477859, 0.00509861, 0.34965233]",0.0,0.259,44.3972205,4.231493167,False,False,-9.55,0.006,idle,False,False,False,0,0,12.1,0.0,18.6,False,False,0.0,0.0,-9.55,0.0,idle,Servo,SYNC,cypilot 0.3.2,23.68,rudder angle,0.0,2,0.0,False,0.0,0.0,0.0,0.0,False,False,-9.0,9.0,0.152,none,port,0.0,0.0,0.0,False,0,False,0,0.3,0s ,"[0.0, 0.0, 0.002, 0.0, 0.001, 0.004]"
10,"[0.9655393735217765, -0.028196757619555604, 0.002225641732711816, -0.25871549539561217]",-30.0,,-1.05,107.546875,346.875,60.0,45.0,0.0,1678,15.59,1.0,0.0,1.0,0.0,75.0,75.0,54.7244,79.9213,3.94,0.3987,6.897896281111382e-05,80.0,100.0,True,True,rudder angle,1.92,0.214,0.085,simple,0.0,104.8,22.81,0.5,pypilot,0.1,0.0,-10.0,gpsd,none,servo,none,9.989,0,21s ,0.2,0.2,0.1,"[-0.007, -0.049, 0.983]","[0.127, -0.0, -0.0]","[-18.75, 14.5, 42.562]","[0.0, 0.001, -0.014]",0.456,-0.483,0.096,0.083,0.001,0.03,-0.483,0.048,-0.045,10.959,10.959,"[0.93653792, 0.02477859, 0.00509861, 0.34965233]",0.0,0.259,44.3972205,4.231493167,False,False,-9.55,0.006,idle,False,False,False,0,0,12.1,0.0,18.6,False,False,0.0,0.0,-9.55,0.0,idle,Servo,SYNC,cypilot 0.3.2,23.881,rudder angle,0.0,2,0.0,False,0.0,0.0,0.0,0.0,False,False,-9.0,9.0,0.154,none,port,0.0,0.0,0.0,False,0,False,0,0.3,0s ,"[0.0, 0.0, 0.002, 0.0, 0.001, 0.003]"
10,"[0.9655393735217765, -0.028196757619555604, 0.002225641732711816, -0.25871549539561217]",-30.0,,-1.05,107.546875,346.875,60.0,45.0,0.0,1678,15.59,1.0,0.0,1.0,0.0,75.0,75.0,54.7244,79.9213,3.94,0.3987,6.897896281111382e-05,80.0,100.0,True,True,rudder angle,1.92,0.214,0.085,simple,0.0,104.8,22.81,0.5,pypilot,0.1,0.0,-10.0,gpsd,none,servo,none,9.989,0,21s ,0.2,0.2,0.1,"[-0.007, -0.048, 0.985]","[0.127, -0.0, -0.0]","[-18.375, 13.562, 42.562]","[0.0, 0.002, -0.012]",0.456,-0.483,0.096,0.083,0.001,0.0,-0.483,0.031,-0.036,10.959,10.959,"[0.93653792, 0.02477859, 0.00509861, 0.34965233]",0.0,0.259,44.3972205,4.231493167,False,False,-9.58,-0.005,idle,False,False,False,0,0,12.1,0.0,18.6,False,False,0.0,0.0,-9.58,0.0,idle,Servo,SYNC,cypilot 0.3.2,24.081,rudder angle,0.0,2,0.0,False,0.0,0.0,0.0,0.0,False,False,-9.0,9.0,0.155,none,port,0.0,0.0,0.0,False,0,False,0,0.3,0s ,"[0.0, 0.001, 0.002, 0.0, 0.001, 0.003]"
10,"[0.9655393735217765, -0.028196757619555604, 0.002225641732711816, -0.25871549539561217]",-30.0,,-1.05,107.546875,346.875,60.0,45.0,0.0,1678,15.59,1.0,0.0,1.0,0.0,75.0,75.0,54.7244,79.9213,3.94,0.3987,6.897896281111382e-05,80.0,100.0,True,True,rudder angle,1.92,0.214,0.085,simple,0.0,104.8,22.81,0.5,pypilot,0.1,0.0,-10.0,gpsd,none,servo,none,9.993,0,21s ,0.2,0.2,0.1,"[-0.007, -0.049, 0.984]","[-0.127, 0.064, -0.0]","[-18.375, 14.75, 41.875]","[0.001, 0.001, -0.014]",0.456,-0.483,-0.138,-0.035,0.002,-0.032,-0.483,0.021,-0.029,10.959,10.959,"[0.93653792, 0.02477859, 0.00509861, 0.34965233]",0.0,0.259,44.3972205,4.231493167,False,False,-9.56,0.006,idle,False,False,False,0,0,12.1,0.0,18.6,False,False,0.0,0.0,-9.56,0.0,idle,Servo,SYNC,cypilot 0.3.2,24.281,rudder angle,0.0,2,0.0,False,0.0,0.0,0.0,0.0,False,False,-9.0,9.0,0.156,none,port,0.0,0.0,0.0,False,0,False,0,0.3,0s ,"[0.0, 0.0, 0.002, 0.0, 0.0, 0.003]"
10,"[0.9655393735217765, -0.028196757619555604, 0.002225641732711816, -0.25871549539561217]",-30.0,,-1.05,107.546875,346.875,60.0,45.0,0.0,1678,15.59,1.0,0.0,1.0,0.0,75.0,75.0,54.7244,79.9213,3.94,0.3987,6.897896281111382e-05,80.0,100.0,True,True,rudder angle,1.92,0.214,0.085,simple,0.0,104.8,22.81,0.5,pypilot,0.1,0.0,-10.0,gpsd,none,servo,none,9.993,0,21s ,0.2,0.2,0.1,"[-0.007, -0.051, 0.983]","[-0.064, 0.064, 0.064]","[-19.188, 14.0, 42.188]","[0.0, 0.0, -0.015]",0.456,-0.483,-0.088,0.004,0.066,0.647,-0.483,0.027,0.041,10.959,10.959,"[0.93653792, 0.02477859, 0.00509861, 0.34965233]",0.0,0.233,44.397214333,4.231493167,False,False,-9.55,0.009,idle,False,False,False,0,0,12.1,0.0,18.6,False,False,0.0,0.0,-9.55,0.0,idle,Servo,SYNC,cypilot 0.3.2,24.481,rudder angle,0.0,2,0.0,False,0.0,0.0,0.0,0.0,False,False,-9.0,9.0,0.157,none,port,0.0,0.0,0.0,False,0,False,0,0.3,0s ,"[0.0, 0.001, 0.001, 0.0, 0.001, 0.004]"
10,"[0.9655393735217765, -0.028196757619555604, 0.002225641732711816, -0.25871549539561217]",-30.0,,-1.05,107.546875,346.875,60.0,45.0,0.0,1678,15.59,1.0,0.0,1.0,0.0,75.0,75.0,54.7244,79.9213,3.94,0.3987,6.897896281111382e-05,80.0,100.0,True,True,rudder angle,1.92,0.214,0.085,simple,0.0,104.8,22.81,0.5,pypilot,0.1,0.0,-10.0,gpsd,none,servo,none,9.979,0,21s ,0.2,0.2,0.1,"[-0.008, -0.047, 0.986]","[0.318, -0.0, -0.0]","[-18.75, 15.25, 41.875]","[0.0, 0.001, -0.012]",0.456,-0.483,0.24,0.209,0.002,0.649,-0.483,0.008,-0.018,10.959,10.959,"[0.93653792, 0.02477859, 0.00509861, 0.34965233]",0.0,0.233,44.397214333,4.231493167,False,False,-9.55,0.008,idle,False,False,False,0,0,12.1,0.0,18.6,False,False,0.0,0.0,-9.55,0.0,idle,Servo,SYNC,cypilot 0.3.2,24.682,rudder angle,0.0,2,0.0,False,0.0,0.0,0.0,0.0,False,False,-9.0,9.0,0.158,none,port,0.0,0.0,0.0,False,0,False,0,0.3,0s ,"[0.0, 0.001, 0.001, 0.0, 0.001, 0.003]"
10,"[0.9655393735217765, -0.028196757619555604, 0.002225641732711816, -0.25871549539561217]",-30.0,,-1.05,107.546875,346.875,60.0,45.0,0.0,1678,15.59,1.0,0.0,1.0,0.0,75.0,75.0,54.7244,79.9213,3.94,0.3987,6.897896281111382e-05,80.0,100.0,True,True,rudder angle,1.92,0.214,0.085,simple,0.0,104.8,22.81,0.5,pypilot,0.1,0.0,-10.0,gpsd,none,servo,none,9.979,0,21s ,0.2,0.2,0.1,"[-0.008, -0.05, 0.985]","[0.127, -0.0, -0.0]","[-19.5, 14.0, 43.375]","[0.001, 0.001, -0.013]",0.456,-0.483,0.096,0.083,0.001,0.005,-0.483,0.005,-0.016,10.959,10.959,"[0.93653792, 0.02477859, 0.00509861, 0.34965233]",0.0,0.233,44.397214333,4.231493167,False,False,-9.54,0.012,idle,False,False,False,0,0,12.1,0.0,18.6,False,False,0.0,0.0,-9.54,0.0,idle,Servo,SYNC,cypilot 0.3.2,24.882,rudder angle,0.0,2,0.0,False,0.0,0.0,0.0,0.0,False,False,-9.0,9.0,0.16,none,port,0.0,0.0,0.0,False,0,False,0,0.3,0s ,"[0.0, 0.0, 0.001, 0.0, 0.001, 0.003]"
10,"[0.9655393735217765, -0.028196757619555604, 0.002225641732711816, -0.25871549539561217]",-30.0,,-1.05,107.546875,346.875,60.0,45.0,0.0,1678,15.59,1.0,0.0,1.0,0.0,75.0,75.0,54.7244,79.9213,3.94,0.3987,6.897896281111382e-05,80.0,100.0,True,True,rudder angle,1.92,0.214,0.085,simple,0.0,104.8,22.81,0.5,pypilot,0.1,0.0,-10.0,gpsd,none,servo,none,9.991,0,23s ,0.2,0.2,0.1,"[-0.008, -0.049, 0.984]","[-0.0, -0.064, -0.0]","[-18.75, 14.0, 42.562]","[0.0, 0.001, -0.012]",0.456,-0.483,0.042,-0.048,-0.003,-0.667,-0.483,0.013,-0.023,10.959,10.959,"[0.93653792, 0.02477859, 0.00509861, 0.34965233]",0.0,0.233,44.397214333,4.231493167,False,False,-9.54,0.012,idle,False,False,False,0,0,12.1,0.0,18.6,False,False,0.0,0.0,-9.54,0.0,idle,Servo,SYNC,cypilot 0.3.2,25.082,rudder angle,0.0,2,0.0,False,0.0,0.0,0.0,0.0,False,False,-9.0,9.0,0.161,none,port,0.0,0.0,0.0,False,0,False,0,0.3,0s ,"[0.0, 0.0, 0.002, 0.0, 0.0, 0.003]"
10,"[0.9655393735217765, -0.028196757619555604, 0.002225641732711816, -0.25871549539561217]",-30.0,,-1.05,107.546875,346.875,60.0,45.0,0.0,1678,15.59,1.0,0.0,1.0,0.0,75.0,75.0,54.7244,79.9213,3.94,0.3987,6.897896281111382e-05,80.0,100.0,True,True,rudder angle,1.92,0.214,0.085,simple,0.0,104.8,22.81,0.5,pypilot,0.1,0.0,-10.0,gpsd,none,servo,none,9.991,0,23s ,0.2,0.2,0.1,"[-0.005, -0.048, 0.982]","[-0.0, 0.064, -0.127]","[-18.0, 13.562, 42.188]","[0.002, 0.002, -0.016]",0.456,-0.483,-0.045,0.053,-0.124,-1.244,-0.483,-0.016,-0.14,10.959,10.959,"[0.93653792, 0.02477859, 0.00509861, 0.34965233]",0.0,0.233,44.397214333,4.231493167,False,False,-9.54,0.011,idle,False,False,False,0,0,12.1,0.0,18.6,False,False,0.0,0.0,-9.54,0.0,idle,Servo,SYNC,cypilot 0.3.2,25.282,rudder angle,0.0,2,0.0,False,0.0,0.0,0.0,0.0,False,False,-9.0,9.0,0.162,none,port,0.0,0.0,0.0,False,0,False,0,0.3,0s ,"[0.0, 0.0, 0.001, 0.0, 0.0, 0.001]"
10,"[0.9655393735217765, -0.028196757619555604, 0.002225641732711816, -0.25871549539561217]",-30.0,,-1.05,107.546875,346.875,60.0,45.0,0.0,1678,15.59,1.0,0.0,1.0,0.0,75.0,75.0,54.7244,79.9213,3.94,0.3987,6.897896281111382e-05,80.0,100.0,True,True,rudder angle,1.92,0.214,0.085,simple,0.0,104.8,22.81,0.5,pypilot,0.1,0.0,-10.0,gpsd,none,servo,none,10.001,0,23s ,0.2,0.2,0.1,"[-0.007, -0.05, 0.983]","[-0.127, -0.0, -0.064]","[-18.375, 14.5, 42.188]","[0.001, 0.0, -0.014]",0.456,-0.483,-0.098,-0.081,-0.065,-0.047,-0.483,-0.033,-0.06,10.959,10.959,"[0.93653792, 0.02477859, 0.00509861, 0.34965233]",0.0,0.189,44.397223167,4.2314915,False,False,-9.55,0.006,idle,False,False,False,0,0,12.1,0.0,18.6,False,False,0.0,0.0,-9.55,0.0,idle,Servo,SYNC,cypilot 0.3.2,25.483,rudder angle,0.0,2,0.0,False,0.0,0.0,0.0,0.0,False,False,-9.0,9.0,0.163,none,port,0.0,0.0,0.0,False,0,False,0,0.3,0s ,"[0.0, 0.001, 0.001, 0.0, 0.0, 0.002]"
10,"[0.9655393735217765, -0.028196757619555604, 0.002225641732711816, -0.25871549539561217]",-30.0,,-1.05,107.546875,346.875,60.0,45.0,0.0,1678,15.59,1.0,0.0,1.0,0.0,75.0,75.0,54.7244,79.9213,3.94,0.3987,6.897896281111382e-05,80.0,100.0,True,True,rudder angle,1.92,0.214,0.085,simple,0.0,104.8,22.81,0.5,pypilot,0.1,0.0,-10.0,gpsd,none,servo,none,10.001,0,23s ,0.2,0.2,0.1,"[-0.009, -0.049, 0.983]","[-0.0, -0.0, -0.0]","[-17.25, 13.562, 41.875]","[0.001, 0.002, -0.014]",0.456,-0.483,0.0,0.0,0.0,1.833,-0.483,-0.05,0.028,10.959,10.959,"[0.93653792, 0.02477859, 0.00509861, 0.34965233]",0.0,0.189,44.397223167,4.2314915,False,False,-9.56,0.001,idle,False,False,False,0,0,12.1,0.0,18.6,False,False,0.0,0.0,-9.56,0.0,idle,Servo,SYNC,cypilot 0.3.2,25.683,rudder angle,0.0,2,0.0,False,0.0,0.0,0.0,0.0,False,False,-9.0,9.0,0.164,none,port,0.0,0.0,0.0,False,0,False,0,0.3,0s ,"[0.0, 0.0, 0.001, 0.0, 0.0, 0.002]"
10,"[0.9655393735217765, -0.028196757619555604, 0.002225641732711816, -0.25871549539561217]",-30.0,,-1.05,107.546875,346.875,60.0,45.0,0.0,1678,15.59,1.0,0.0,1.0,0.0,75.0,75.0,54.7244,79.9213,3.94,0.3987,6.897896281111382e-05,80.0,100.0,True,True,rudder angle,1.92,0.214,0.085,simple,0.0,104.8,22.81,0.5,pypilot,0.1,0.0,-10.0,gpsd,none,servo,none,9.993,0,23s ,0.2,0.2,0.1,"[-0.006, -0.049, 0.983]","[-0.0, -0.0, -0.064]","[-18.75, 14.0, 43.0]","[-0.001, 0.0, -0.015]",0.456,-0.483,-0.002,0.003,-0.064,-0.032,-0.483,-0.055,-0.035,10.959,10.959,"[0.93653792, 0.02477859, 0.00509861, 0.34965233]",0.0,0.189,44.397223167,4.2314915,False,False,-9.54,0.011,idle,False,False,False,0,0,12.1,0.0,18.6,False,False,0.0,0.0,-9.54,0.0,idle,Servo,SYNC,cypilot 0.3.2,25.883,rudder angle,0.0,2,0.0,False,0.0,0.0,0.0,0.0,False,False,-9.0,9.0,0.166,none,port,0.0,0.0,0.0,False,0,False,0,0.3,0s ,"[0.0, 0.0, 0.001, 0.0, 0.0, 0.002]"
10,"[0.9655393735217765, -0.028196757619555604, 0.002225641732711816, -0.25871549539561217]",-30.0,,-1.05,107.546875,346.875,60.0,45.0,0.0,1678,15.59,1.0,0.0,1.0,0.0,75.0,75.0,54.7244,79.9213,3.94,0.3987,6.897896281111382e-05,80.0,100.0,True,True,rudder angle,1.92,0.214,0.085,simple,0.0,104.8,22.81,0.5,pypilot,0.1,0.0,-10.0,gpsd,none,servo,none,9.993,0,24s ,0.2,0.2,0.1,"[-0.009, -0.048, 0.983]","[-0.0, -0.0, -0.0]","[-18.75, 13.562, 43.375]","[0.001, 0.003, -0.015]",0.456,-0.483,0.0,0.0,0.0,0.0,-0.483,-0.035,0.029,10.959,10.959,"[0.93653792, 0.02477859, 0.00509861, 0.34965233]",0.0,0.189,44.397223167,4.2314915,False,False,-9.57,-0.005,idle,False,False,False,0,0,12.1,0.0,18.6,False,False,0.0,0.0,-9.57,0.0,idle,Servo,SYNC,cypilot 0.3.2,26.083,rudder angle,0.0,2,0.0,False,0.0,0.0,0.0,0.0,False,False,-9.0,9.0,0.167,none,port,0.0,0.0,0.0,False,0,False,0,0.3,0s ,"[0.0, 0.0, 0.002, 0.0, 0.001, 0.003]"
10,"[0.9655393735217765, -0.028196757619555604, 0.002225641732711816, -0.25871549539561217]",-30.0,,-1.05,107.546875,346.875,60.0,45.0,0.0,1678,15.59,1.0,0.0,1.0,0.0,75.0,75.0,54.7244,79.9213,3.94,0.3987,6.897896281111382e-05,80.0,100.0,True,True,rudder angle,1.92,0.214,0.085,simple,0.0,104.8,22.81,0.5,pypilot,0.1,0.0,-10.0,gpsd,none,servo,none,9.973,0,24s ,0.2,0.2,0.1,"[-0.007, -0.049, 0.982]","[0.064, -0.0, -0.0]","[-19.188, 14.0, 42.562]","[-0.001, 0.001, -0.013]",0.456,-0.483,0.048,0.042,0.0,-0.63,-0.483,-0.012,0.017,10.959,10.959,"[0.93653792, 0.02477859, 0.00509861, 0.34965233]",0.0,0.189,44.397223167,4.2314915,False,False,-9.57,-0.005,idle,False,False,False,0,0,12.1,0.0,18.6,False,False,0.0,0.0,-9.57,0.0,idle,Servo,SYNC,cypilot 0.3.2,26.283,rudder angle,0.0,2,0.0,False,0.0,0.0,0.0,0.0,False,False,-9.0,9.0,0.168,none,port,0.0,0.0,0.0,False,0,False,0,0.3,0s ,"[0.0, 0.005, 0.002, 0.0, 0.001, 0.008]"
10,"[0.9655393735217765, -0.028196757619555604, 0.002225641732711816, -0.25871549539561217]",-30.0,,-1.05,107.546875,346.875,60.0,45.0,0.0,1678,15.59,1.0,0.0,1.0,0.0,75.0,75.0,54.7244,79.9213,3.94,0.3987,6.897896281111382e-05,80.0,100.0,True,True,rudder angle,1.92,0.214,0.085,simple,0.0,104.8,22.81,0.5,pypilot,0.1,0.0,-10.0,gpsd,none,servo,none,10.001,0,24s ,0.2,0.2,0.1,"[-0.007, -0.05, 0.984]","[-0.0, -0.0, 0.127]","[-19.5, 14.0, 42.188]","[0.0, 0.001, -0.015]",0.456,-0.483,0.003,-0.005,0.127,1.27,-0.483,0.019,0.139,10.959,10.959,"[0.93653792, 0.02477859, 0.00509861, 0.34965233]",0.0,0.278,44.397215333,4.231492167,False,False,-9.56,-0.001,idle,False,False,False,0,0,12.1,0.0,18.6,False,False,0.0,0.0,-9.56,0.0,idle,Servo,SYNC,cypilot 0.3.2,26.584,rudder angle,0.0,2,0.0,False,0.0,0.0,0.0,0.0,False,False,-9.0,9.0,0.17,none,port,0.0,0.0,0.0,False,0,False,0,0.3,0s ,"[0.0, 0.0, 0.002, 0.0, 0.001, 0.004]"
10,"[0.9655393735217765, -0.028196757619555604, 0.002225641732711816, -0.25871549539561217]",-30.0,,-1.05,107.546875,346.875,60.0,45.0,0.0,1678,15.59,1.0,0.0,1.0,0.0,75.0,75.0,54.7244,79.9213,3.94,0.3987,6.897896281111382e-05,80.0,100.0,True,True,rudder angle,1.92,0.214,0.085,simple,0.0,104.8,22.81,0.5,pypilot,0.1,0.0,-10.0,gpsd,none,servo,none,10.001,0,24s ,0.2,0.2,0.1,"[-0.007, -0.049, 0.985]","[0.255, -0.127, 0.127]","[-19.5, 14.0, 42.188]","[0.002, 0.004, -0.013]",0.456,-0.483,0.279,0.065,0.123,0.02,-0.483,0.056,0.109,10.959,10.959,"[0.93653792, 0.02477859, 0.00509861, 0.34965233]",0.0,0.278,44.397215333,4.231492167,False,False,-9.56,-0.001,idle,False,False,False,0,0,12.1,0.0,18.6,False,False,0.0,0.0,-9.56,0.0,idle,Servo,SYNC,cypilot 0.3.2,26.784,rudder angle,0.0,2,0.0,False,0.0,0.0,0.0,0.0,False,False,-9.0,9.0,0.171,none,port,0.0,0.0,0.0,False,0,False,0,0.3,0s ,"[0.0, 0.0, 0.002, 0.0, 0.001, 0.003]"
10,"[0.9655393735217765, -0.028196757619555604, 0.002225641732711816, -0.25871549539561217]",-30.0,,-1.05,107.546875,346.875,60.0,45.0,0.0,1678,15.59,1.0,0.0,1.0,0.0,75.0,75.0,54.7244,79.9213,3.94,0.3987,6.897896281111382e-05,80.0,100.0,True,True,rudder angle,1.92,0.214,0.085,simple,0.0,104.8,22.81,0.5,pypilot,0.1,0.0,-10.0,gpsd,none,servo,none,9.99,0,25s ,0.2,0.2,0.1,"[-0.007, -0.049, 0.984]","[0.064, -0.0, -0.0]","[-18.375, 12.688, 43.0]","[-0.001, 0.002, -0.012]",0.456,-0.483,0.048,0.042,0.0,0.005,-0.483,0.036,-0.022,10.959,10.959,"[0.93653792, 0.02477859, 0.00509861, 0.34965233]",0.0,0.278,44.397215333,4.231492167,False,False,-9.56,-0.001,idle,False,False,False,0,0,12.1,0.0,18.6,False,False,0.0,0.0,-9.56,0.0,idle,Servo,SYNC,cypilot 0.3.2,26.984,rudder angle,0.0,2,0.0,False,0.0,0.0,0.0,0.0,False,False,-9.0,9.0,0.172,none,port,0.0,0.0,0.0,False,0,False,0,0.3,0s ,"[0.0, 0.0, 0.002, 0.0, 0.0, 0.003]"
10,"[0.9655393735217765, -0.028196757619555604, 0.002225641732711816, -0.25871549539561217]",-30.0,,-1.05,107.546875,346.875,60.0,45.0,0.0,1678,15.59,1.0,0.0,1.0,0.0,75.0,75.0,54.7244,79.9213,3.94,0.3987,6.897896281111382e-05,80.0,100.0,True,True,rudder angle,1.92,0.214,0.085,simple,0.0,104.8,22.81,0.5,pypilot,0.1,0.0,-10.0,gpsd,none,servo,none,9.99,0,25s ,0.2,0.2,0.1,"[-0.008, -0.051, 0.986]","[-0.0, -0.0, 0.064]","[-18.75, 14.0, 42.562]","[0.002, 0.0, -0.014]",0.456,-0.483,0.002,-0.003,0.064,0.635,-0.483,0.036,0.046,10.959,10.959,"[0.93653792, 0.02477859, 0.00509861, 0.34965233]",0.0,0.278,44.397215333,4.231492167,False,False,-9.58,-0.011,idle,False,False,False,0,0,12.1,0.0,18.6,False,False,0.0,0.0,-9.58,0.0,idle,Servo,SYNC,cypilot 0.3.2,27.184,rudder angle,0.0,2,0.0,False,0.0,0.0,0.0,0.0,False,False,-9.0,9.0,0.173,none,port,0.0,0.0,0.0,False,0,False,0,0.3,0s ,"[0.0, 0.0, 0.001, 0.0, 0.0, 0.002]"
10,"[0.9655393735217765, -0.028196757619555604, 0.002225641732711816, -0.25871549539561217]",-30.0,,-1.05,107.546875,346.875,60.0,45.0,0.0,1678,15.59,1.0,0.0,1.0,0.0,75.0,75.0,54.7244,79.9213,3.94,0.3987,6.897896281111382e-05,80.0,100.0,True,True,rudder angle,1.92,0.214,0.085,simple,0.0,104.8,22.81,0.5,pypilot,0.1,0.0,-10.0,gpsd,none,servo,none,9.983,0,25s ,0.2,0.2,0.1,"[-0.009, -0.048, 0.984]","[0.318, -0.064, -0.0]","[-18.75, 14.875, 43.375]","[0.0, 0.002, -0.014]",0.456,-0.483,0.282,0.161,-0.001,-0.049,-0.483,0.023,-0.021,10.959,10.959,"[0.93653792, 0.02477859, 0.00509861, 0.34965233]",0.0,0.278,44.397215333,4.231492167,False,False,-9.56,-0.003,idle,False,False,False,0,0,12.1,0.0,18.6,False,False,0.0,0.0,-9.56,0.0,idle,Servo,SYNC,cypilot 0.3.2,27.385,rudder angle,0.0,2,0.0,False,0.0,0.0,0.0,0.0,False,False,-9.0,9.0,0.175,none,port,0.0,0.0,0.0,False,0,False,0,0.3,0s ,"[0.0, 0.0, 0.002, 0.0, 0.001, 0.003]"
10,"[0.9655393735217765, -0.028196757619555604, 0.002225641732711816, -0.25871549539561217]",-30.0,,-1.05,107.546875,346.875,60.0,45.0,0.0,1678,15.59,1.0,0.0,1.0,0.0,75.0,75.0,54.7244,79.9213,3.94,0.3987,6.897896281111382e-05,80.0,100.0,True,True,rudder angle,1.92,0.214,0.085,simple,0.0,104.8,22.81,0.5,pypilot,0.1,0.0,-10.0,gpsd,none,servo,none,9.983,0,25s ,0.2,0.2,0.1,"[-0.008, -0.05, 0.984]","[-0.064, -0.0, -0.064]","[-18.75, 13.562, 43.0]","[0.0, 0.003, -0.015]",0.456,-0.483,-0.05,-0.039,-0.064,-1.891,-0.483,0.022,-0.093,10.959,10.959,"[0.93653792, 0.02477859, 0.00509861, 0.34965233]",0.0,0.206,44.397214667,4.231491,False,False,-9.55,0.002,idle,False,False,False,0,0,12.1,0.0,18.6,False,False,0.0,0.0,-9.55,0.0,idle,Servo,SYNC,cypilot 0.3.2,27.585,rudder angle,0.0,2,0.0,False,0.0,0.0,0.0,0.0,False,False,-9.0,9.0,0.176,none,port,0.0,0.0,0.0,False,0,False,0,0.3,0s ,"[0.0, 0.0, 0.002, 0.0, 0.001, 0.004]"
10,"[0.9655393735217765, -0.028196757619555604, 0.002225641732711816, -0.25871549539561217]",-30.0,,-1.05,107.546875,346.875,60.0,45.0,0.0,1678,15.59,1.0,0.0,1.0,0.0,75.0,75.0,54.7244,79.9213,3.94,0.3987,6.897896281111382e-05,80.0,100.0,True,True,rudder angle,1.92,0.214,0.085,simple,0.0,104.8,22.81,0.5,pypilot,0.1,0.0,-10.0,gpsd,none,servo,none,9.991,0,25s ,0.2,0.2,0.1,"[-0.007, -0.048, 0.983]","[-0.0, 0.064, -0.0]","[-18.75, 14.5, 43.0]","[-0.001, 0.002, -0.013]",0.456,-0.483,-0.042,0.048,0.003,0.662,-0.483,0.005,-0.008,10.959,10.959,"[0.93653792, 0.02477859, 0.00509861, 0.34965233]",0.0,0.206,44.397214667,4.231491,False,False,-9.55,0.002,idle,False,False,False,0,0,12.1,0.0,18.6,False,False,0.0,0.0,-9.55,0.0,idle,Servo,SYNC,cypilot 0.3.2,27.785,rudder angle,0.0,2,0.0,False,0.0,0.0,0.0,0.0,False,False,-9.0,9.0,0.177,none,port,0.0,0.0,0.0,False,0,False,0,0.3,0s ,"[0.0, 0.0, 0.002, 0.0, 0.001, 0.003]"
10,"[0.9655393735217765, -0.028196757619555604, 0.002225641732711816, -0.25871549539561217]",-30.0,,-1.05,107.546875,346.875,60.0,45.0,0.0,1678,15.59,1.0,0.0,1.0,0.0,75.0,75.0,54.7244,79.9213,3.94,0.3987,6.897896281111382e-05,80.0,100.0,True,True,rudder angle,1.92,0.214,0.085,simple,0.0,104.8,22.81,0.5,pypilot,0.1,0.0,-10.0,gpsd,none,servo,none,9.991,0,26s ,0.2,0.2,0.1,"[-0.008, -0.048, 0.984]","[-0.0, 0.064, -0.064]","[-19.188, 14.5, 43.375]","[0.001, 0.0, -0.015]",0.456,-0.483,-0.043,0.051,-0.06,-0.599,-0.483,-0.009,-0.07,10.959,10.959,"[0.93653792, 0.02477859, 0.00509861, 0.34965233]",0.0,0.206,44.397214667,4.231491,False,False,-9.55,0.002,idle,False,False,False,0,0,12.1,0.0,18.6,False,False,0.0,0.0,-9.55,0.0,idle,Servo,SYNC,cypilot 0.3.2,27.985,rudder angle,0.0,2,0.0,False,0.0,0.0,0.0,0.0,False,False,-9.0,9.0,0.178,none,port,0.0,0.0,0.0,False,0,False,0,0.3,0s ,"[0.0, 0.0, 0.002, 0.0, 0.001, 0.004]"
10,"[0.9655393735217765, -0.028196757619555604, 0.002225641732711816, -0.25871549539561217]",-30.0,,-1.05,107.546875,346.875,60.0,45.0,0.0,1678,15.59,1.0,0.0,1.0,0.0,75.0,75.0,54.7244,79.9213,3.94,0.3987,6.897896281111382e-05,80.0,100.0,True,True,rudder angle,1.92,0.214,0.085,simple,0.0,104.8,22.81,0.5,pypilot,0.1,0.0,-10.0,gpsd,none,servo,none,9.989,0,26s ,0.2,0.2,0.1,"[-0.009, -0.047, 0.983]","[-0.0, -0.064, -0.0]","[-18.0, 14.875, 43.0]","[0.0, 0.0, -0.013]",0.456,-0.483,0.042,-0.048,-0.003,1.275,-0.483,-0.027,0.008,10.959,10.959,"[0.93653792, 0.02477859, 0.00509861, 0.34965233]",0.0,0.206,44.397214667,4.231491,False,False,-9.55,0.002,idle,False,False,False,0,0,12.1,0.0,18.6,False,False,0.0,0.0,-9.55,0.0,idle,Servo,SYNC,cypilot 0.3.2,28.186,rudder angle,0.0,2,0.0,False,0.0,0.0,0.0,0.0,False,False,-9.0,9.0,0.179,none,port,0.0,0.0,0.0,False,0,False,0,0.3,0s ,"[0.0, 0.0, 0.002, 0.0, 0.0, 0.003]"
10,"[0.9655393735217765, -0.028196757619555604, 0.002225641732711816, -0.25871549539561217]",-30.0,,-1.05,107.546875,346.875,60.0,45.0,0.0,1678,15.59,1.0,0.0,1.0,0.0,75.0,75.0,54.7244,79.9213,3.94,0.3987,6.897896281111382e-05,80.0,100.0,True,True,rudder angle,1.92,0.214,0.085,simple,0.0,104.8,22.81,0.5,pypilot,0.1,0.0,-10.0,gpsd,none,servo,none,9.989,0,26s ,0.2,0.2,0.1,"[-0.009, -0.049, 0.985]","[-0.127, -0.0, -0.064]","[-19.5, 14.875, 42.188]","[-0.001, 0.0, -0.014]",0.456,-0.483,-0.098,-0.081,-0.065,-0.604,-0.483,-0.031,-0.055,10.959,10.959,"[0.93653792, 0.02477859, 0.00509861, 0.34965233]",0.0,0.206,44.397214667,4.231491,False,False,-9.55,0.002,idle,False,False,False,0,0,12.1,0.0,18.6,False,False,0.0,0.0,-9.55,0.0,idle,Servo,SYNC,cypilot 0.3.2,28.386,rudder angle,0.0,2,0.0,False,0.0,0.0,0.0,0.0,False,False,-9.0,9.0,0.181,none,port,0.0,0.0,0.0,False,0,False,0,0.3,0s ,"[0.0, 0.0, 0.002, 0.0, 0.001, 0.004]"
10,"[0.9655393735217765, -0.028196757619555604, 0.002225641732711816, -0.25871549539561217]",-30.0,,-1.05,107.546875,346.875,60.0,45.0,0.0,1678,15.59,1.0,0.0,1.0,0.0,75.0,75.0,54.7244,79.9213,3.94,0.3987,6.897896281111382e-05,80.0,100.0,True,True,rudder angle,1.92,0.214,0.085,simple,0.0,104.8,22.81,0.5,pypilot,0.1,0.0,-10.0,gpsd,none,servo,none,9.992,0,26s ,0.2,0.2,0.1,"[-0.007, -0.048, 0.983]","[-0.0, -0.0, -0.0]","[-19.188, 13.562, 42.562]","[0.0, 0.003, -0.014]",0.456,-0.483,0.0,0.0,0.0,-1.256,-0.483,0.029,-0.018,10.959,10.959,"[0.93653792, 0.02477859, 0.00509861, 0.34965233]",0.0,0.054,44.397220833,4.231488833,False,False,-9.58,-0.014,idle,False,False,False,0,0,12.1,0.0,18.6,False,False,0.0,0.0,-9.58,0.0,idle,Servo,SYNC,cypilot 0.3.2,28.686,rudder angle,0.0,2,0.0,False,0.0,0.0,0.0,0.0,False,False,-9.0,9.0,0.182,none,port,0.0,0.0,0.0,False,0,False,0,0.3,0s ,"[0.0, 0.0, 0.001, 0.0, 0.0, 0.001]"
10,"[0.9655393735217765, -0.028196757619555604, 0.002225641732711816, -0.25871549539561217]",-30.0,,-1.05,107.546875,346.875,60.0,45.0,0.0,1678,15.59,1.0,0.0,1.0,0.0,75.0,75.0,54.7244,79.9213,3.94,0.3987,6.897896281111382e-05,80.0,100.0,True,True,rudder angle,1.92,0.214,0.085,simple,0.0,104.8,22.81,0.5,pypilot,0.1,0.0,-10.0,gpsd,none,servo,none,9.992,0,26s ,0.2,0.2,0.1,"[-0.007, -0.048, 0.984]","[-0.064, -0.0, -0.0]","[-19.875, 13.562, 42.188]","[0.001, 0.002, -0.014]",0.456,-0.483,-0.048,-0.042,-0.0,0.631,-0.483,0.008,-0.008,10.959,10.959,"[0.93653792, 0.02477859, 0.00509861, 0.34965233]",0.0,0.054,44.397220833,4.231488833,False,False,-9.55,-0.002,idle,False,False,False,0,0,12.1,0.0,18.6,False,False,0.0,0.0,-9.55,0.0,idle,Servo,SYNC,cypilot 0.3.2,28.886,rudder angle,0.0,2,0.0,False,0.0,0.0,0.0,0.0,False,False,-9.0,9.0,0.184,none,port,0.0,0.0,0.0,False,0,False,0,0.3,0s ,"[0.0, 0.0, 0.001, 0.0, 0.0, 0.001]"
10,"[0.9655393735217765, -0.028196757619555604, 0.002225641732711816, -0.25871549539561217]",-30.0,,-1.05,107.546875,346.875,60.0,45.0,0.0,1678,15.59,1.0,0.0,1.0,0.0,75.0,75.0,54.7244,79.9213,3.94,0.3987,6.897896281111382e-05,80.0,100.0,True,True,rudder angle,1.92,0.214,0.085,simple,0.0,104.8,22.81,0.5,pypilot,0.1,0.0,-10.0,gpsd,none,servo,none,9.998,0,27s ,0.2,0.2,0.1,"[-0.007, -0.051, 0.984]","[-0.064, -0.064, -0.0]","[-19.188, 14.875, 43.375]","[0.001, 0.001, -0.014]",0.456,-0.483,-0.006,-0.09,-0.004,-0.017,-0.483,0.004,-0.01,10.959,10.959,"[0.93653792, 0.02477859, 0.00509861, 0.34965233]",0.0,0.054,44.397220833,4.231488833,False,False,-9.57,-0.012,idle,False,False,False,0,0,12.1,0.0,18.6,False,False,0.0,0.0,-9.57,0.0,idle,Servo,SYNC,cypilot 0.3.2,29.086,rudder angle,0.0,2,0.0,False,0.0,0.0,0.0,0.0,False,False,-9.0,9.0,0.185,none,port,0.0,0.0,0.0,False,0,False,0,0.3,0s ,"[0.0, 0.0, 0.001, 0.0, 0.0, 0.002]"
10,"[0.9655393735217765, -0.028196757619555604, 0.002225641732711816, -0.25871549539561217]",-30.0,,-1.05,107.546875,346.875,60.0,45.0,0.0,1678,15.59,1.0,0.0,1.0,0.0,75.0,75.0,54.7244,79.9213,3.94,0.3987,6.897896281111382e-05,80.0,100.0,True,True,rudder angle,1.92,0.214,0.085,simple,0.0,104.8,22.81,0.5,pypilot,0.1,0.0,-10.0,gpsd,none,servo,none,9.998,0,27s ,0.2,0.2,0.1,"[-0.008, -0.048, 0.984]","[-0.0, -0.064, -0.0]","[-17.688, 13.562, 42.188]","[0.001, 0.0, -0.013]",0.456,-0.483,0.042,-0.048,-0.003,0.535,-0.483,-0.007,-0.002,10.959,10.959,"[0.93653792, 0.02477859, 0.00509861, 0.34965233]",0.0,0.054,44.397220833,4.231488833,False,False,-9.54,0.004,idle,False,False,False,0,0,12.1,0.0,18.6,False,False,0.0,0.0,-9.54,0.0,idle,Servo,SYNC,cypilot 0.3.2,29.287,rudder angle,0.0,2,0.0,False,0.0,0.0,0.0,0.0,False,False,-9.0,9.0,0.186,none,port,0.0,0.0,0.0,False,0,False,0,0.3,0s ,"[0.0, 0.0, 0.002, 0.0, 0.001, 0.003]"
10,"[0.9655393735217765, -0.028196757619555604, 0.002225641732711816, -0.25871549539561217]",-30.0,,-1.05,107.546875,346.875,60.0,45.0,0.0,1678,15.59,1.0,0.0,1.0,0.0,75.0,75.0,54.7244,79.9213,3.94,0.3987,6.897896281111382e-05,80.0,100.0,True,True,rudder angle,1.92,0.214,0.085,simple,0.0,104.8,22.81,0.5,pypilot,0.1,0.0,-10.0,gpsd,none,servo,none,9.978,0,27s ,0.2,0.2,0.1,"[-0.007, -0.048, 0.984]","[-0.064, -0.0, -0.0]","[-18.375, 14.0, 43.688]","[0.0, 0.0, -0.015]",0.456,-0.483,-0.048,-0.042,-0.0,0.0,-0.483,-0.005,0.001,10.959,10.959,"[0.93653792, 0.02477859, 0.00509861, 0.34965233]",0.0,0.167,44.397227167,4.231486833,False,False,-9.53,0.009,idle,False,False,False,0,0,12.1,0.0,18.6,False,False,0.0,0.0,-9.53,0.0,idle,Servo,SYNC,cypilot 0.3.2,29.487,rudder angle,0.0,2,0.0,False,0.0,0.0,0.0,0.0,False,False,-9.0,9.0,0.187,none,port,0.0,0.0,0.0,False,0,False,0,0.3,0s ,"[0.0, 0.001, 0.001, 0.0, 0.001, 0.003]"
10,"[0.9655393735217765, -0.028196757619555604, 0.002225641732711816, -0.25871549539561217]",-30.0,,-1.05,107.546875,346.875,60.0,45.0,0.0,1678,15.59,1.0,0.0,1.0,0.0,75.0,75.0,54.7244,79.9213,3.94,0.3987,6.897896281111382e-05,80.0,100.0,True,True,rudder angle,1.92,0.214,0.085,simple,0.0,104.8,22.81,0.5,pypilot,0.1,0.0,-10.0,gpsd,none,servo,none,9.978,0,27s ,0.2,0.2,0.1,"[-0.008, -0.049, 0.984]","[0.127, -0.0, -0.0]","[-18.75, 14.0, 43.375]","[0.0, 0.0, -0.011]",0.456,-0.483,0.096,0.083,0.001,0.042,-0.483,-0.003,0.002,10.959,10.959,"[0.93653792, 0.02477859, 0.00509861, 0.34965233]",0.0,0.167,44.397227167,4.231486833,False,False,-9.53,0.009,idle,False,False,False,0,0,12.1,0.0,18.6,False,False,0.0,0.0,-9.53,0.0,idle,Servo,SYNC,cypilot 0.3.2,29.687,rudder angle,0.0,2,0.0,False,0.0,0.0,0.0,0.0,False,False,-9.0,9.0,0.188,none,port,0.0,0.0,0.0,False,0,False,0,0.3,0s ,"[0.0, 0.0, 0.001, 0.0, 0.0, 0.002]"
10,"[0.9655393735217765, -0.028196757619555604, 0.002225641732711816, -0.25871549539561217]",-30.0,,-1.05,107.546875,346.875,60.0,45.0,0.0,1678,15.59,1.0,0.0,1.0,0.0,75.0,75.0,54.7244,79.9213,3.94,0.3987,6.897896281111382e-05,80.0,100.0,True,True,rudder angle,1.92,0.214,0.085,simple,0.0,104.8,22.81,0.5,pypilot,0.1,0.0,-10.0,gpsd,none,servo,none,9.985,0,27s ,0.2,0.2,0.1,"[-0.008, -0.048, 0.984]","[-0.0, -0.0, -0.0]","[-18.75, 14.0, 43.0]","[0.0, 0.002, -0.013]",0.456,-0.483,0.0,0.0,0.0,-2.547,-0.483,0.039,-0.025,10.959,10.959,"[0.93653792, 0.02477859, 0.00509861, 0.34965233]",0.0,0.167,44.397227167,4.231486833,False,False,-9.55,0.001,idle,False,False,False,0,0,12.1,0.0,18.6,False,False,0.0,0.0,-9.55,0.0,idle,Servo,SYNC,cypilot 0.3.2,29.887,rudder angle,0.0,2,0.0,False,0.0,0.0,0.0,0.0,False,False,-9.0,9.0,0.19,none,port,0.0,0.0,0.0,False,0,False,0,0.3,0s ,"[0.0, 0.0, 0.001, 0.0, 0.0, 0.002]"
10,"[0.9655393735217765, -0.028196757619555604, 0.002225641732711816, -0.25871549539561217]",-30.0,,-1.05,107.546875,346.875,60.0,45.0,0.0,1678,15.59,1.0,0.0,1.0,0.0,75.0,75.0,54.7244,79.9213,3.94,0.3987,6.897896281111382e-05,80.0,100.0,True,True,rudder angle,1.92,0.214,0.085,simple,0.0,104.8,22.81,0.5,pypilot,0.1,0.0,-10.0,gpsd,none,servo,none,9.985,0,28s ,0.2,0.2,0.1,"[-0.009, -0.047, 0.985]","[-0.191, -0.064, 0.191]","[-18.0, 14.5, 43.375]","[0.0, 0.001, -0.015]",0.456,-0.483,-0.097,-0.181,0.186,3.194,-0.483,0.041,0.179,10.959,10.959,"[0.93653792, 0.02477859, 0.00509861, 0.34965233]",0.0,0.167,44.397227167,4.231486833,False,False,-9.55,0.001,idle,False,False,False,0,0,12.1,0.0,18.6,False,False,0.0,0.0,-9.55,0.0,idle,Servo,SYNC,cypilot 0.3.2,30.088,rudder angle,0.0,2,0.0,False,0.0,0.0,0.0,0.0,False,False,-9.0,9.0,0.191,none,port,0.0,0.0,0.0,False,0,False,0,0.3,0s ,"[0.0, 0.0, 0.002, 0.0, 0.0, 0.003]"
10,"[0.9655393735217765, -0.028196757619555604, 0.002225641732711816, -0.25871549539561217]",-30.0,,-1.05,107.546875,346.875,60.0,45.0,0.0,1678,15.59,1.0,0.0,1.0,0.0,75.0,75.0,54.7244,79.9213,3.94,0.3987,6.897896281111382e-05,80.0,100.0,True,True,rudder angle,1.92,0.214,0.085,simple,0.0,104.8,22.81,0.5,pypilot,0.1,0.0,-10.0,gpsd,none,servo,none,9.999,0,28s ,0.2,0.2,0.1,"[-0.007, -0.048, 0.985]","[-0.064, -0.0, -0.0]","[-18.375, 14.0, 43.375]","[0.0, 0.003, -0.012]",0.456,-0.483,-0.048,-0.042,-0.0,0.037,-0.483,0.025,-0.022,10.959,10.959,"[0.93653792, 0.02477859, 0.00509861, 0.34965233]",0.0,0.167,44.397227167,4.231486833,False,False,-9.56,-0.004,idle,False,False,False,0,0,12.1,0.0,18.6,False,False,0.0,0.0,-9.56,0.0,idle,Servo,SYNC,cypilot 0.3.2,30.288,rudder angle,0.0,2,0.0,False,0.0,0.0,0.0,0.0,False,False,-9.0,9.0,0.192,none,port,0.0,0.0,0.0,False,0,False,0,0.3,0s ,"[0.0, 0.0, 0.002, 0.0, 0.001, 0.003]"
10,"[0.9655393735217765, -0.028196757619555604, 0.002225641732711816, -0.25871549539561217]",-30.0,,-1.05,107.546875,346.875,60.0,45.0,0.0,1678,15.59,1.0,0.0,1.0,0.0,75.0,75.0,54.7244,79.9213,3.94,0.3987,6.897896281111382e-05,80.0,100.0,True,True,rudder angle,1.92,0.214,0.085,simple,0.0,104.8,22.81,0.5,pypilot,0.1,0.0,-10.0,gpsd,none,servo,none,9.999,0,28s ,0.2,0.2,0.1,"[-0.007, -0.048, 0.984]","[0.318, -0.0, -0.064]","[-18.75, 13.562, 43.375]","[0.0, 0.003, -0.014]",0.456,-0.483,0.239,0.211,-0.061,-0.61,-0.483,0.004,-0.078,10.959,10.959,"[0.93653792, 0.02477859, 0.00509861, 0.34965233]",0.0,0.402,44.397234667,4.2314845,False,False,-9.57,-0.009,idle,False,False,False,0,0,12.1,0.0,18.6,False,False,0.0,0.0,-9.57,0.0,idle,Servo,SYNC,cypilot 0.3.2,30.488,rudder angle,0.0,2,0.0,False,0.0,0.0,0.0,0.0,False,False,-9.0,9.0,0.193,none,port,0.0,0.0,0.0,False,0,False,0,0.3,0s ,"[0.0, 0.001, 0.002, 0.0, 0.001, 0.004]"
10,"[0.9655393735217765, -0.028196757619555604, 0.002225641732711816, -0.25871549539561217]",-30.0,,-1.05,107.546875,346.875,60.0,45.0,0.0,1678,15.59,1.0,0.0,1.0,0.0,75.0,75.0,54.7244,79.9213,3.94,0.3987,6.897896281111382e-05,80.0,100.0,True,True,rudder angle,1.92,0.214,0.085,simple,0.0,104.8,22.81,0.5,pypilot,0.1,0.0,-10.0,gpsd,none,servo,none,9.987,0,28s ,0.2,0.2,0.1,"[-0.009, -0.048, 0.984]","[-0.0, -0.127, -0.0]","[-18.75, 14.0, 43.0]","[0.0, 0.004, -0.012]",0.456,-0.483,0.083,-0.096,-0.006,-0.064,-0.483,0.001,-0.015,10.959,10.959,"[0.93653792, 0.02477859, 0.00509861, 0.34965233]",0.0,0.402,44.397234667,4.2314845,False,False,-9.55,0.002,idle,False,False,False,0,0,12.1,0.0,18.6,False,False,0.0,0.0,-9.55,0.0,idle,Servo,SYNC,cypilot 0.3.2,30.688,rudder angle,0.0,2,0.0,False,0.0,0.0,0.0,0.0,False,False,-9.0,9.0,0.194,none,port,0.0,0.0,0.0,False,0,False,0,0.3,0s ,"[0.0, 0.0, 0.002, 0.0, 0.0, 0.004]"
10,"[0.9655393735217765, -0.028196757619555604, 0.002225641732711816, -0.25871549539561217]",-30.0,,-1.05,107.546875,346.875,60.0,45.0,0.0,1678,15.59,1.0,0.0,1.0,0.0,75.0,75.0,54.7244,79.9213,3.94,0.3987,6.897896281111382e-05,80.0,100.0,True,True,rudder angle,1.92,0.214,0.085,simple,0.0,104.8,22.81,0.5,pypilot,0.1,0.0,-10.0,gpsd,none,servo,none,9.987,0,28s ,0.2,0.2,0.1,"[-0.01, -0.046, 0.987]","[-0.064, -0.0, -0.0]","[-18.75, 15.688, 43.0]","[-0.001, 0.004, -0.012]",0.488,-0.428,-0.048,-0.042,-0.0,-0.025,-0.482,0.001,-0.007,10.96,10.959,"[0.93652401, 0.02529888, 0.00529286, 0.34964944]",0.0,0.402,44.397234667,4.2314845,False,False,-9.54,0.005,idle,False,False,False,0,0,12.1,0.0,18.6,False,False,0.0,0.0,-9.54,0.0,idle,Servo,SYNC,cypilot 0.3.2,30.889,rudder angle,0.0,2,0.0,False,0.0,0.0,0.0,0.0,False,False,-9.0,9.0,0.196,none,port,0.0,0.0,0.0,False,0,False,0,0.3,0s ,"[0.0, 0.0, 0.002, 0.001, 0.001, 0.004]"
10,"[0.9655393735217765, -0.028196757619555604, 0.002225641732711816, -0.25871549539561217]",-30.0,,-1.05,107.546875,346.875,60.0,45.0,0.0,1678,15.59,1.0,0.0,1.0,0.0,75.0,75.0,54.7244,79.9213,3.94,0.3987,6.897896281111382e-05,80.0,100.0,True,True,rudder angle,1.92,0.214,0.085,simple,0.0,104.8,22.81,0.5,pypilot,0.1,0.0,-10.0,gpsd,none,servo,none,9.986,0,29s ,0.2,0.2,0.1,"[-0.009, -0.046, 0.983]","[-0.127, -0.0, -0.0]","[-19.188, 14.5, 42.188]","[-0.002, -0.002, -0.014]",0.488,-0.428,-0.096,-0.083,-0.001,-0.668,-0.479,0.011,-0.013,10.96,10.96,"[0.93652401, 0.02529888, 0.00529286, 0.34964944]",0.0,0.402,44.397234667,4.2314845,False,False,-9.54,0.005,idle,False,False,False,0,0,12.1,0.0,18.6,False,False,0.0,0.0,-9.54,0.0,idle,Servo,SYNC,cypilot 0.3.2,31.089,rudder angle,0.0,2,0.0,False,0.0,0.0,0.0,0.0,False,False,-9.0,9.0,0.197,none,port,0.0,0.0,0.0,False,0,False,0,0.3,0s ,"[0.0, 0.0, 0.002, 0.0, 0.0, 0.003]"
10,"[0.9655393735217765, -0.028196757619555604, 0.002225641732711816, -0.25871549539561217]",-30.0,,-1.05,107.546875,346.875,60.0,45.0,0.0,1678,15.59,1.0,0.0,1.0,0.0,75.0,75.0,54.7244,79.9213,3.94,0.3987,6.897896281111382e-05,80.0,100.0,True,True,rudder angle,1.92,0.214,0.085,simple,0.0,104.8,22.81,0.5,pypilot,0.1,0.0,-10.0,gpsd,none,servo,none,9.986,0,29s ,0.2,0.2,0.1,"[-0.005, -0.045, 0.985]","[-0.064, -0.0, -0.0]","[-19.188, 13.562, 43.0]","[0.0, 0.005, -0.011]",0.488,-0.428,-0.048,-0.042,-0.0,-0.595,-0.476,0.016,-0.016,10.96,10.96,"[0.93652401, 0.02529888, 0.00529286, 0.34964944]",0.0,0.402,44.397234667,4.2314845,False,False,-9.52,0.011,idle,False,False,False,0,0,12.1,0.0,18.6,False,False,0.0,0.0,-9.52,0.0,idle,Servo,SYNC,cypilot 0.3.2,31.289,rudder angle,0.0,2,0.0,False,0.0,0.0,0.0,0.0,False,False,-9.0,9.0,0.198,none,port,0.0,0.0,0.0,False,0,False,0,0.3,0s ,"[0.0, 0.003, 0.001, 0.0, 0.0, 0.005]"
10,"[0.9655393735217765, -0.028196757619555604, 0.002225641732711816, -0.25871549539561217]",-30.0,,-1.05,107.546875,346.875,60.0,45.0,0.0,1678,15.59,1.0,0.0,1.0,0.0,75.0,75.0,54.7244,79.9213,3.94,0.3987,6.897896281111382e-05,80.0,100.0,True,True,rudder angle,1.92,0.214,0.085,simple,0.0,104.8,22.81,0.5,pypilot,0.1,0.0,-10.0,gpsd,none,servo,none,9.782,0,29s ,0.2,0.2,0.1,"[-0.007, -0.05, 0.985]","[-0.127, 0.064, -0.0]","[-19.188, 13.562, 43.688]","[0.001, 0.001, -0.012]",0.488,-0.428,-0.138,-0.035,0.002,-0.01,-0.472,-0.0,-0.003,10.96,10.96,"[0.93652401, 0.02529888, 0.00529286, 0.34964944]",0.0,0.119,44.397230333,4.231484333,False,False,-9.55,-0.004,idle,False,False,False,0,0,12.1,0.0,18.6,False,False,0.0,0.0,-9.55,0.0,idle,Servo,SYNC,cypilot 0.3.2,31.589,rudder angle,0.0,2,0.0,False,0.0,0.0,0.0,0.0,False,False,-9.0,9.0,0.2,none,port,0.0,0.0,0.0,False,0,False,0,0.3,0s ,"[0.0, 0.0, 0.002, 0.0, 0.001, 0.003]"
10,"[0.9655393735217765, -0.028196757619555604, 0.002225641732711816, -0.25871549539561217]",-30.0,,-1.05,107.546875,346.875,60.0,45.0,0.0,1678,15.59,1.0,0.0,1.0,0.0,75.0,75.0,54.7244,79.9213,3.94,0.3987,6.897896281111382e-05,80.0,100.0,True,True,rudder angle,1.92,0.214,0.085,simple,0.0,104.8,22.81,0.5,pypilot,0.1,0.0,-10.0,gpsd,none,servo,none,10.199,0,29s ,0.2,0.2,0.1,"[-0.007, -0.051, 0.982]","[-0.0, -0.064, -0.0]","[-19.5, 13.562, 42.562]","[0.001, 0.0, -0.014]",0.488,-0.428,0.042,-0.048,-0.003,-0.028,-0.469,-0.001,-0.007,10.96,10.96,"[0.93652401, 0.02529888, 0.00529286, 0.34964944]",0.0,0.119,44.397230333,4.231484333,False,False,-9.55,-0.004,idle,False,False,False,0,0,12.1,0.0,18.6,False,False,0.0,0.0,-9.55,0.0,idle,Servo,SYNC,cypilot 0.3.2,31.79,rudder angle,0.0,2,0.0,False,0.0,0.0,0.0,0.0,False,False,-9.0,9.0,0.201,none,port,0.0,0.0,0.0,False,0,False,0,0.3,0s ,"[0.0, 0.0, 0.002, 0.0, 0.001, 0.003]"
10,"[0.9655393735217765, -0.028196757619555604, 0.002225641732711816, -0.25871549539561217]",-30.0,,-1.05,107.546875,346.875,60.0,45.0,0.0,1678,15.59,1.0,0.0,1.0,0.0,75.0,75.0,54.7244,79.9213,3.94,0.3987,6.897896281111382e-05,80.0,100.0,True,True,rudder angle,1.92,0.214,0.085,simple,0.0,104.8,22.81,0.5,pypilot,0.1,0.0,-10.0,gpsd,none,servo,none,10.199,0,29s ,0.2,0.2,0.1,"[-0.006, -0.049, 0.984]","[-0.064, -0.127, 0.064]","[-19.188, 14.5, 43.0]","[0.0, 0.0, -0.014]",0.488,-0.428,0.037,-0.141,0.057,1.877,-0.467,-0.01,0.067,10.96,10.96,"[0.93652401, 0.02529888, 0.00529286, 0.34964944]",0.0,0.119,44.397230333,4.231484333,False,False,-9.54,0.002,idle,False,False,False,0,0,12.1,0.0,18.6,False,False,0.0,0.0,-9.54,0.0,idle,Servo,SYNC,cypilot 0.3.2,31.99,rudder angle,0.0,2,0.0,False,0.0,0.0,0.0,0.0,False,False,-9.0,9.0,0.202,none,port,0.0,0.0,0.0,False,0,False,0,0.3,0s ,"[0.0, 0.0, 0.001, 0.0, 0.0, 0.002]"
10,"[0.9655393735217765, -0.028196757619555604, 0.002225641732711816, -0.25871549539561217]",-30.0,,-1.05,107.546875,346.875,60.0,45.0,0.0,1678,15.59,1.0,0.0,1.0,0.0,75.0,75.0,54.7244,79.9213,3.94,0.3987,6.897896281111382e-05,80.0,100.0,True,True,rudder angle,1.92,0.214,0.085,simple,0.0,104.8,22.81,0.5,pypilot,0.1,0.0,-10.0,gpsd,none,servo,none,9.987,0,30s ,0.2,0.2,0.1,"[-0.008, -0.05, 0.984]","[-0.0, -0.0, -0.0]","[-18.75, 14.5, 42.188]","[0.0, -0.002, -0.014]",0.488,-0.428,0.0,0.0,0.0,0.645,-0.464,-0.017,0.009,10.96,10.96,"[0.93652401, 0.02529888, 0.00529286, 0.34964944]",0.0,0.119,44.397230333,4.231484333,False,False,-9.55,-0.002,idle,False,False,False,0,0,12.1,0.0,18.6,False,False,0.0,0.0,-9.55,0.0,idle,Servo,SYNC,cypilot 0.3.2,32.19,rudder angle,0.0,2,0.0,False,0.0,0.0,0.0,0.0,False,False,-9.0,9.0,0.203,none,port,0.0,0.0,0.0,False,0,False,0,0.3,0s ,"[0.0, 0.0, 0.001, 0.0, 0.001, 0.003]"
10,"[0.9655393735217765, -0.028196757619555604, 0.002225641732711816, -0.25871549539561217]",-30.0,,-1.05,107.546875,346.875,60.0,45.0,0.0,1678,15.59,1.0,0.0,1.0,0.0,75.0,75.0,54.7244,79.9213,3.94,0.3987,6.897896281111382e-05,80.0,100.0,True,True,rudder angle,1.92,0.214,0.085,simple,0.0,104.8,22.81,0.5,pypilot,0.1,0.0,-10.0,gpsd,none,servo,none,9.987,0,30s ,0.2,0.2,0.1,"[-0.007, -0.049, 0.985]","[-0.0, -0.0, 0.127]","[-22.562, 22.5, 51.375]","[0.0, 0.0, -0.012]",0.488,-0.428,0.004,-0.006,0.127,1.28,-0.462,0.014,0.135,10.96,10.96,"[0.93652401, 0.02529888, 0.00529286, 0.34964944]",0.0,0.119,44.397230333,4.231484333,False,False,-9.55,-0.002,idle,False,False,False,0,0,12.1,0.0,18.6,False,False,0.0,0.0,-9.55,0.0,idle,Servo,SYNC,cypilot 0.3.2,32.39,rudder angle,0.0,2,0.0,False,0.0,0.0,0.0,0.0,False,False,-9.0,9.0,0.205,none,port,0.0,0.0,0.0,False,0,False,0,0.3,0s ,"[0.0, 0.0, 0.002, 0.0, 0.001, 0.004]"
10,"[0.9655393735217765, -0.028196757619555604, 0.002225641732711816, -0.25871549539561217]",-30.0,,-1.05,107.546875,346.875,60.0,45.0,0.0,1678,15.59,1.0,0.0,1.0,0.0,75.0,75.0,54.7244,79.9213,3.94,0.3987,6.897896281111382e-05,80.0,100.0,True,True,rudder angle,1.92,0.214,0.085,simple,0.0,104.8,22.81,0.5,pypilot,0.1,0.0,-10.0,gpsd,none,servo,none,9.988,0,30s ,0.2,0.2,0.1,"[-0.009, -0.053, 0.984]","[-0.0, -0.0, -0.0]","[-22.562, 21.688, 51.0]","[0.001, 0.0, -0.015]",0.488,-0.428,0.0,0.0,0.0,-0.635,-0.46,0.019,-0.011,10.96,10.96,"[0.93652401, 0.02529888, 0.00529286, 0.34964944]",0.0,0.109,44.397234,4.231482333,False,False,-9.55,-0.002,idle,False,False,False,0,0,12.1,0.0,18.6,False,False,0.0,0.0,-9.55,0.0,idle,Servo,SYNC,cypilot 0.3.2,32.591,rudder angle,0.0,2,0.0,False,0.0,0.0,0.0,0.0,False,False,-9.0,9.0,0.206,none,port,0.0,0.0,0.0,False,0,False,0,0.3,0s ,"[0.0, 0.0, 0.002, 0.0, 0.0, 0.003]"
10,"[0.9655393735217765, -0.028196757619555604, 0.002225641732711816, -0.25871549539561217]",-30.0,,-1.05,107.546875,346.875,60.0,45.0,0.0,1678,15.59,1.0,0.0,1.0,0.0,75.0,75.0,54.7244,79.9213,3.94,0.3987,6.897896281111382e-05,80.0,100.0,True,True,rudder angle,1.92,0.214,0.085,simple,0.0,104.8,22.81,0.5,pypilot,0.1,0.0,-10.0,gpsd,none,servo,none,9.988,0,30s ,0.2,0.2,0.1,"[-0.006, -0.049, 0.984]","[-0.0, -0.0, -0.127]","[-21.75, 21.688, 51.0]","[0.0, 0.0, -0.013]",0.488,-0.428,-0.004,0.006,-0.127,-1.276,-0.458,-0.013,-0.136,10.96,10.96,"[0.93652401, 0.02529888, 0.00529286, 0.34964944]",0.0,0.109,44.397234,4.231482333,False,False,-9.55,-0.001,idle,False,False,False,0,0,12.1,0.0,18.6,False,False,0.0,0.0,-9.55,0.0,idle,Servo,SYNC,cypilot 0.3.2,32.791,rudder angle,0.0,2,0.0,False,0.0,0.0,0.0,0.0,False,False,-9.0,9.0,0.207,none,port,0.0,0.0,0.0,False,0,False,0,0.3,0s ,"[0.0, 0.0, 0.002, 0.0, 0.001, 0.004]"
10,"[0.9655393735217765, -0.028196757619555604, 0.002225641732711816, -0.25871549539561217]",-30.0,,-1.05,107.546875,346.875,60.0,45.0,0.0,1678,15.59,1.0,0.0,1.0,0.0,75.0,75.0,54.7244,79.9213,3.94,0.3987,6.897896281111382e-05,80.0,100.0,True,True,rudder angle,1.92,0.214,0.085,simple,0.0,104.8,22.81,0.5,pypilot,0.1,0.0,-10.0,gpsd,none,servo,none,9.988,0,30s ,0.2,0.2,0.1,"[-0.007, -0.051, 0.985]","[-0.0, -0.064, -0.0]","[-22.562, 19.875, 50.562]","[0.002, 0.002, -0.013]",0.488,-0.428,0.042,-0.048,-0.003,0.603,-0.457,-0.019,0.007,10.96,10.96,"[0.93652401, 0.02529888, 0.00529286, 0.34964944]",0.0,0.109,44.397234,4.231482333,False,False,-9.55,-0.001,idle,False,False,False,0,0,12.1,0.0,18.6,False,False,0.0,0.0,-9.55,0.0,idle,Servo,SYNC,cypilot 0.3.2,32.991,rudder angle,0.0,2,0.0,False,0.0,0.0,0.0,0.0,False,False,-9.0,9.0,0.208,none,port,0.0,0.0,0.0,False,0,False,0,0.3,0s ,"[0.0, 0.0, 0.002, 0.0, 0.001, 0.003]"
10,"[0.9655393735217765, -0.028196757619555604, 0.002225641732711816, -0.25871549539561217]",-30.0,,-1.05,107.546875,346.875,60.0,45.0,0.0,1678,15.59,1.0,0.0,1.0,0.0,75.0,75.0,54.7244,79.9213,3.94,0.3987,6.897896281111382e-05,80.0,100.0,True,True,rudder angle,1.92,0.214,0.085,simple,0.0,104.8,22.81,0.5,pypilot,0.1,0.0,-10.0,gpsd,none,servo,none,9.988,0,31s ,0.2,0.2,0.1,"[-0.007, -0.048, 0.984]","[-0.127, -0.0, -0.0]","[-22.188, 21.688, 51.75]","[0.0, -0.001, -0.013]",0.488,-0.428,-0.096,-0.083,-0.001,2.554,-0.455,-0.053,0.033,10.96,10.96,"[0.93652401, 0.02529888, 0.00529286, 0.34964944]",0.0,0.109,44.397234,4.231482333,False,False,-9.54,0.004,idle,False,False,False,0,0,12.1,0.0,18.6,False,False,0.0,0.0,-9.54,0.0,idle,Servo,SYNC,cypilot 0.3.2,33.191,rudder angle,0.0,2,0.0,False,0.0,0.0,0.0,0.0,False,False,-9.0,9.0,0.209,none,port,0.0,0.0,0.0,False,0,False,0,0.3,0s ,"[0.0, 0.0, 0.002, 0.0, 0.001, 0.003]"
10,"[0.9655393735217765, -0.028196757619555604, 0.002225641732711816, -0.25871549539561217]",-30.0,,-1.05,107.546875,346.875,60.0,45.0,0.0,1678,15.59,1.0,0.0,1.0,0.0,75.0,75.0,54.7244,79.9213,3.94,0.3987,6.897896281111382e-05,80.0,100.0,True,True,rudder angle,1.92,0.214,0.085,simple,0.0,104.8,22.81,0.5,pypilot,0.1,0.0,-10.0,gpsd,none,servo,none,9.988,0,31s ,0.2,0.2,0.1,"[-0.009, -0.05, 0.986]","[-0.318, -0.0, -0.0]","[-21.75, 21.25, 50.562]","[0.0, -0.001, -0.014]",0.488,-0.428,-0.24,-0.209,-0.002,1.241,-0.453,-0.055,0.038,10.96,10.96,"[0.93652401, 0.02529888, 0.00529286, 0.34964944]",0.0,0.109,44.397234,4.231482333,False,False,-9.54,0.004,idle,False,False,False,0,0,12.1,0.0,18.6,False,False,0.0,0.0,-9.54,0.0,idle,Servo,SYNC,cypilot 0.3.2,33.392,rudder angle,0.0,2,0.0,False,0.0,0.0,0.0,0.0,False,False,-9.0,9.0,0.211,none,port,0.0,0.0,0.0,False,0,False,0,0.3,0s ,"[0.0, 0.0, 0.001, 0.0, 0.0, 0.002]"
10,"[0.9655393735217765, -0.028196757619555604, 0.002225641732711816, -0.25871549539561217]",-30.0,,-1.05,107.546875,346.875,60.0,45.0,0.0,1678,15.59,1.0,0.0,1.0,0.0,75.0,75.0,54.7244,79.9213,3.94,0.3987,6.897896281111382e-05,80.0,100.0,True,True,rudder angle,1.92,0.214,0.085,simple,0.0,104.8,22.81,0.5,pypilot,0.1,0.0,-10.0,gpsd,none,servo,none,9.988,0,31s ,0.2,0.2,0.1,"[-0.005, -0.048, 0.985]","[-0.0, -0.0, -0.0]","[-21.375, 22.062, 51.0]","[0.001, 0.002, -0.013]",0.488,-0.428,0.0,0.0,0.0,0.015,-0.452,-0.035,0.033,10.96,10.96,"[0.93652401, 0.02529888, 0.00529286, 0.34964944]",0.0,0.161,44.397229667,4.231482833,False,False,-9.56,-0.003,idle,False,False,False,0,0,12.1,0.0,18.6,False,False,0.0,0.0,-9.56,0.0,idle,Servo,SYNC,cypilot 0.3.2,33.592,rudder angle,0.0,2,0.0,False,0.0,0.0,0.0,0.0,False,False,-9.0,9.0,0.212,none,port,0.0,0.0,0.0,False,0,False,0,0.3,0s ,"[0.0, 0.0, 0.002, 0.0, 0.0, 0.003]"
10,"[0.9655393735217765, -0.028196757619555604, 0.002225641732711816, -0.25871549539561217]",-30.0,,-1.05,107.546875,346.875,60.0,45.0,0.0,1678,15.59,1.0,0.0,1.0,0.0,75.0,75.0,54.7244,79.9213,3.94,0.3987,6.897896281111382e-05,80.0,100.0,True,True,rudder angle,1.92,0.214,0.085,simple,0.0,104.8,22.81,0.5,pypilot,0.1,0.0,-10.0,gpsd,none,servo,none,9.992,0,31s ,0.2,0.2,0.1,"[-0.007, -0.05, 0.984]","[-0.0, 0.064, -0.191]","[-22.188, 19.062, 52.5]","[0.0, 0.0, -0.014]",0.488,-0.428,-0.047,0.056,-0.187,-1.872,-0.45,-0.06,-0.16,10.96,10.96,"[0.93652401, 0.02529888, 0.00529286, 0.34964944]",0.0,0.161,44.397229667,4.231482833,False,False,-9.54,0.007,idle,False,False,False,0,0,12.1,0.0,18.6,False,False,0.0,0.0,-9.54,0.0,idle,Servo,SYNC,cypilot 0.3.2,33.792,rudder angle,0.0,2,0.0,False,0.0,0.0,0.0,0.0,False,False,-9.0,9.0,0.213,none,port,0.0,0.0,0.0,False,0,False,0,0.3,0s ,"[0.0, 0.0, 0.001, 0.0, 0.0, 0.002]"
10,"[0.9655393735217765, -0.028196757619555604, 0.002225641732711816, -0.25871549539561217]",-30.0,,-1.05,107.546875,346.875,60.0,45.0,0.0,1678,15.59,1.0,0.0,1.0,0.0,75.0,75.0,54.7244,79.9213,3.94,0.3987,6.897896281111382e-05,80.0,100.0,True,True,rudder angle,1.92,0.214,0.085,simple,0.0,104.8,22.81,0.5,pypilot,0.1,0.0,-10.0,gpsd,none,servo,none,9.992,0,32s ,0.2,0.2,0.1,"[-0.007, -0.052, 0.983]","[0.127, -0.0, -0.127]","[-22.188, 21.25, 51.375]","[0.0, -0.002, -0.014]",0.488,-0.428,0.093,0.089,-0.126,-1.205,-0.448,-0.065,-0.085,10.96,10.96,"[0.93652401, 0.02529888, 0.00529286, 0.34964944]",0.0,0.161,44.397229667,4.231482833,False,False,-9.54,0.006,idle,False,False,False,0,0,12.1,0.0,18.6,False,False,0.0,0.0,-9.54,0.0,idle,Servo,SYNC,cypilot 0.3.2,34.092,rudder angle,0.0,2,0.0,False,0.0,0.0,0.0,0.0,False,False,-9.0,9.0,0.215,none,port,0.0,0.0,0.0,False,0,False,0,0.3,0s ,"[0.0, 0.0, 0.002, 0.0, 0.001, 0.004]"
10,"[0.9655393735217765, -0.028196757619555604, 0.002225641732711816, -0.25871549539561217]",-30.0,,-1.05,107.546875,346.875,60.0,45.0,0.0,1678,15.59,1.0,0.0,1.0,0.0,75.0,75.0,54.7244,79.9213,3.94,0.3987,6.897896281111382e-05,80.0,100.0,True,True,rudder angle,1.92,0.214,0.085,simple,0.0,104.8,22.81,0.5,pypilot,0.1,0.0,-10.0,gpsd,none,servo,none,9.987,0,32s ,0.2,0.2,0.1,"[-0.008, -0.048, 0.984]","[-0.0, -0.0, -0.0]","[-21.75, 20.375, 51.375]","[0.0, 0.0, -0.011]",0.488,-0.428,0.0,0.0,0.0,-1.29,-0.447,-0.021,0.032,10.96,10.96,"[0.93652401, 0.02529888, 0.00529286, 0.34964944]",0.0,0.161,44.397229667,4.231482833,False,False,-9.56,-0.004,idle,False,False,False,0,0,12.1,0.0,18.6,False,False,0.0,0.0,-9.56,0.0,idle,Servo,SYNC,cypilot 0.3.2,34.293,rudder angle,0.0,2,0.0,False,0.0,0.0,0.0,0.0,False,False,-9.0,9.0,0.216,none,port,0.0,0.0,0.0,False,0,False,0,0.3,0s ,"[0.0, 0.0, 0.001, 0.0, 0.0, 0.003]"
10,"[0.9655393735217765, -0.028196757619555604, 0.002225641732711816, -0.25871549539561217]",-30.0,,-1.05,107.546875,346.875,60.0,45.0,0.0,1678,15.59,1.0,0.0,1.0,0.0,75.0,75.0,54.7244,79.9213,3.94,0.3987,6.897896281111382e-05,80.0,100.0,True,True,rudder angle,1.92,0.214,0.085,simple,0.0,104.8,22.81,0.5,pypilot,0.1,0.0,-10.0,gpsd,none,servo,none,9.987,0,32s ,0.2,0.2,0.1,"[-0.008, -0.049, 0.985]","[-0.191, -0.0, -0.064]","[-21.75, 21.688, 51.0]","[-0.002, -0.001, -0.013]",0.488,-0.428,-0.146,-0.122,-0.065,-0.042,-0.446,-0.036,-0.033,10.96,10.96,"[0.93652401, 0.02529888, 0.00529286, 0.34964944]",0.0,0.239,44.397225167,4.231482,False,False,-9.55,-0.0,idle,False,False,False,0,0,12.1,0.0,18.6,False,False,0.0,0.0,-9.55,0.0,idle,Servo,SYNC,cypilot 0.3.2,34.493,rudder angle,0.0,2,0.0,False,0.0,0.0,0.0,0.0,False,False,-9.0,9.0,0.217,none,port,0.0,0.0,0.0,False,0,False,0,0.3,0s ,"[0.0, 0.001, 0.001, 0.0, 0.001, 0.003]"
10,"[0.9655393735217765, -0.028196757619555604, 0.002225641732711816, -0.25871549539561217]",-30.0,,-1.05,107.546875,346.875,60.0,45.0,0.0,1678,15.59,1.0,0.0,1.0,0.0,75.0,75.0,54.7244,79.9213,3.94,0.3987,6.897896281111382e-05,80.0,100.0,True,True,rudder angle,1.92,0.214,0.085,simple,0.0,104.8,22.81,0.5,pypilot,0.1,0.0,-10.0,gpsd,none,servo,none,9.984,0,32s ,0.2,0.2,0.1,"[-0.006, -0.045, 0.983]","[-0.064, -0.0, -0.0]","[-21.75, 21.25, 51.375]","[0.002, 0.0, -0.014]",0.488,-0.428,-0.048,-0.042,-0.0,0.645,-0.445,-0.034,0.038,10.96,10.96,"[0.93652401, 0.02529888, 0.00529286, 0.34964944]",0.0,0.239,44.397225167,4.231482,False,False,-9.55,-0.0,idle,False,False,False,0,0,12.1,0.0,18.6,False,False,0.0,0.0,-9.55,0.0,idle,Servo,SYNC,cypilot 0.3.2,34.693,rudder angle,0.0,2,0.0,False,0.0,0.0,0.0,0.0,False,False,-9.0,9.0,0.218,none,port,0.0,0.0,0.0,False,0,False,0,0.3,0s ,"[0.0, 0.0, 0.001, 0.0, 0.001, 0.003]"
10,"[0.9655393735217765, -0.028196757619555604, 0.002225641732711816, -0.25871549539561217]",-30.0,,-1.05,107.546875,346.875,60.0,45.0,0.0,1678,15.59,1.0,0.0,1.0,0.0,75.0,75.0,54.7244,79.9213,3.94,0.3987,6.897896281111382e-05,80.0,100.0,True,True,rudder angle,1.92,0.214,0.085,simple,0.0,104.8,22.81,0.5,pypilot,0.1,0.0,-10.0,gpsd,none,servo,none,9.984,0,32s ,0.2,0.2,0.1,"[-0.007, -0.049, 0.984]","[-0.0, 0.064, 0.064]","[-22.562, 19.875, 51.0]","[0.0, 0.0, -0.013]",0.488,-0.428,-0.04,0.045,0.067,0.668,-0.444,-0.008,0.098,10.96,10.96,"[0.93652401, 0.02529888, 0.00529286, 0.34964944]",0.0,0.239,44.397225167,4.231482,False,False,-9.54,0.005,idle,False,False,False,0,0,12.1,0.0,18.6,False,False,0.0,0.0,-9.54,0.0,idle,Servo,SYNC,cypilot 0.3.2,34.893,rudder angle,0.0,2,0.0,False,0.0,0.0,0.0,0.0,False,False,-9.0,9.0,0.22,none,port,0.0,0.0,0.0,False,0,False,0,0.3,0s ,"[0.0, 0.0, 0.001, 0.0, 0.001, 0.003]"
10,"[0.9655393735217765, -0.028196757619555604, 0.002225641732711816, -0.25871549539561217]",-30.0,,-1.05,107.546875,346.875,60.0,45.0,0.0,1678,15.59,1.0,0.0,1.0,0.0,75.0,75.0,54.7244,79.9213,3.94,0.3987,6.897896281111382e-05,80.0,100.0,True,True,rudder angle,1.92,0.214,0.085,simple,0.0,104.8,22.81,0.5,pypilot,0.1,0.0,-10.0,gpsd,none,servo,none,9.98,0,33s ,0.2,0.2,0.1,"[-0.008, -0.048, 0.984]","[-0.0, -0.0, -0.0]","[-22.188, 21.25, 50.25]","[0.001, -0.001, -0.015]",0.488,-0.428,0.0,0.0,0.0,0.0,-0.443,-0.005,0.019,10.96,10.96,"[0.93652401, 0.02529888, 0.00529286, 0.34964944]",0.0,0.239,44.397225167,4.231482,False,False,-9.54,0.004,idle,False,False,False,0,0,12.1,0.0,18.6,False,False,0.0,0.0,-9.54,0.0,idle,Servo,SYNC,cypilot 0.3.2,35.094,rudder angle,0.0,2,0.0,False,0.0,0.0,0.0,0.0,False,False,-9.0,9.0,0.221,none,port,0.0,0.0,0.0,False,0,False,0,0.3,0s ,"[0.0, 0.0, 0.001, 0.0, 0.001, 0.003]"
10,"[0.9655393735217765, -0.028196757619555604, 0.002225641732711816, -0.25871549539561217]",-30.0,,-1.05,107.546875,346.875,60.0,45.0,0.0,1678,15.59,1.0,0.0,1.0,0.0,75.0,75.0,54.7244,79.9213,3.94,0.3987,6.897896281111382e-05,80.0,100.0,True,True,rudder angle,1.92,0.214,0.085,simple,0.0,104.8,22.81,0.5,pypilot,0.1,0.0,-10.0,gpsd,none,servo,none,9.98,0,33s ,0.2,0.2,0.1,"[-0.007, -0.048, 0.984]","[-0.127, -0.0, 0.127]","[-22.562, 21.25, 51.0]","[0.0, 0.002, -0.013]",0.488,-0.428,-0.093,-0.089,0.126,1.223,-0.442,0.022,0.141,10.96,10.96,"[0.93652401, 0.02529888, 0.00529286, 0.34964944]",0.0,0.239,44.397225167,4.231482,False,False,-9.54,0.004,idle,False,False,False,0,0,12.1,0.0,18.6,False,False,0.0,0.0,-9.54,0.0,idle,Servo,SYNC,cypilot 0.3.2,35.294,rudder angle,0.0,2,0.0,False,0.0,0.0,0.0,0.0,False,False,-9.0,9.0,0.222,none,port,0.0,0.0,0.0,False,0,False,0,0.3,0s ,"[0.0, 0.0, 0.001, 0.0, 0.0, 0.002]"
10,"[0.9655393735217765, -0.028196757619555604, 0.002225641732711816, -0.25871549539561217]",-30.0,,-1.05,107.546875,346.875,60.0,45.0,0.0,1678,15.59,1.0,0.0,1.0,0.0,75.0,75.0,54.7244,79.9213,3.94,0.3987,6.897896281111382e-05,80.0,100.0,True,True,rudder angle,1.92,0.214,0.085,simple,0.0,104.8,22.81,0.5,pypilot,0.1,0.0,-10.0,gpsd,none,servo,none,10.0,0,33s ,0.2,0.2,0.1,"[-0.01, -0.049, 0.986]","[-0.064, -0.0, -0.0]","[-21.75, 20.75, 51.0]","[0.001, 0.0, -0.014]",0.488,-0.428,-0.048,-0.042,-0.0,-0.037,-0.442,0.015,0.0,10.96,10.96,"[0.93652401, 0.02529888, 0.00529286, 0.34964944]",0.0,0.115,44.397227,4.231480167,False,False,-9.55,0.0,idle,False,False,False,0,0,12.1,0.0,18.6,False,False,0.0,0.0,-9.55,0.0,idle,Servo,SYNC,cypilot 0.3.2,35.494,rudder angle,0.0,2,0.0,False,0.0,0.0,0.0,0.0,False,False,-9.0,9.0,0.223,none,port,0.0,0.0,0.0,False,0,False,0,0.3,0s ,"[0.0, 0.002, 0.002, 0.001, 0.001, 0.005]"
10,"[0.9655393735217765, -0.028196757619555604, 0.002225641732711816, -0.25871549539561217]",-30.0,,-1.05,107.546875,346.875,60.0,45.0,0.0,1678,15.59,1.0,0.0,1.0,0.0,75.0,75.0,54.7244,79.9213,3.94,0.3987,6.897896281111382e-05,80.0,100.0,True,True,rudder angle,1.92,0.214,0.085,simple,0.0,104.8,22.81,0.5,pypilot,0.1,0.0,-10.0,gpsd,none,servo,none,10.0,0,33s ,0.2,0.2,0.1,"[-0.009, -0.051, 0.984]","[-0.0, -0.064, 0.064]","[-21.375, 21.688, 51.0]","[0.0, 0.0, -0.013]",0.488,-0.428,0.043,-0.051,0.06,0.653,-0.441,0.021,0.061,10.96,10.96,"[0.93652401, 0.02529888, 0.00529286, 0.34964944]",0.0,0.115,44.397227,4.231480167,False,False,-9.57,-0.01,idle,False,False,False,0,0,12.1,0.0,18.6,False,False,0.0,0.0,-9.57,0.0,idle,Servo,SYNC,cypilot 0.3.2,35.694,rudder angle,0.0,2,0.0,False,0.0,0.0,0.0,0.0,False,False,-9.0,9.0,0.224,none,port,0.0,0.0,0.0,False,0,False,0,0.3,0s ,"[0.0, 0.0, 0.001, 0.0, 0.0, 0.001]"
10,"[0.9655393735217765, -0.028196757619555604, 0.002225641732711816, -0.25871549539561217]",-30.0,,-1.05,107.546875,346.875,60.0,45.0,0.0,1678,15.59,1.0,0.0,1.0,0.0,75.0,75.0,54.7244,79.9213,3.94,0.3987,6.897896281111382e-05,80.0,100.0,True,True,rudder angle,1.92,0.214,0.085,simple,0.0,104.8,22.81,0.5,pypilot,0.1,0.0,-10.0,gpsd,none,servo,none,9.992,0,33s ,0.2,0.2,0.1,"[-0.009, -0.05, 0.985]","[-0.0, -0.0, -0.0]","[-21.062, 20.75, 51.375]","[0.0, 0.0, -0.012]",0.488,-0.428,0.0,0.0,0.0,0.0,-0.44,0.013,-0.005,10.96,10.96,"[0.93652401, 0.02529888, 0.00529286, 0.34964944]",0.0,0.115,44.397227,4.231480167,False,False,-9.55,-0.002,idle,False,False,False,0,0,12.1,0.0,18.6,False,False,0.0,0.0,-9.55,0.0,idle,Servo,SYNC,cypilot 0.3.2,35.894,rudder angle,0.0,2,0.0,False,0.0,0.0,0.0,0.0,False,False,-9.0,9.0,0.226,none,port,0.0,0.0,0.0,False,0,False,0,0.3,0s ,"[0.0, 0.0, 0.001, 0.0, 0.0, 0.002]"
10,"[0.9655393735217765, -0.028196757619555604, 0.002225641732711816, -0.25871549539561217]",-30.0,,-1.05,107.546875,346.875,60.0,45.0,0.0,1678,15.59,1.0,0.0,1.0,0.0,75.0,75.0,54.7244,79.9213,3.94,0.3987,6.897896281111382e-05,80.0,100.0,True,True,rudder angle,1.92,0.214,0.085,simple,0.0,104.8,22.81,0.5,pypilot,0.1,0.0,-10.0,gpsd,none,servo,none,9.992,0,34s ,0.2,0.2,0.1,"[-0.01, -0.053, 0.983]","[-0.127, -0.0, 0.064]","[-22.562, 22.062, 51.75]","[-0.001, -0.002, -0.014]",0.488,-0.428,-0.094,-0.086,0.063,1.896,-0.439,0.001,0.072,10.96,10.96,"[0.93652401, 0.02529888, 0.00529286, 0.34964944]",0.0,0.115,44.397227,4.231480167,False,False,-9.55,-0.002,idle,False,False,False,0,0,12.1,0.0,18.6,False,False,0.0,0.0,-9.55,0.0,idle,Servo,SYNC,cypilot 0.3.2,36.095,rudder angle,0.0,2,0.0,False,0.0,0.0,0.0,0.0,False,False,-9.0,9.0,0.227,none,port,0.0,0.0,0.0,False,0,False,0,0.3,0s ,"[0.0, 0.0, 0.001, 0.0, 0.0, 0.002]"
10,"[0.9655393735217765, -0.028196757619555604, 0.002225641732711816, -0.25871549539561217]",-30.0,,-1.05,107.546875,346.875,60.0,45.0,0.0,1678,15.59,1.0,0.0,1.0,0.0,75.0,75.0,54.7244,79.9213,3.94,0.3987,6.897896281111382e-05,80.0,100.0,True,True,rudder angle,1.92,0.214,0.085,simple,0.0,104.8,22.81,0.5,pypilot,0.1,0.0,-10.0,gpsd,none,servo,none,9.996,0,34s ,0.2,0.2,0.1,"[-0.006, -0.048, 0.984]","[0.127, -0.0, -0.0]","[-22.562, 20.75, 50.562]","[0.001, 0.003, -0.013]",0.488,-0.428,0.096,0.083,0.001,-1.892,-0.439,0.031,-0.016,10.96,10.96,"[0.93652401, 0.02529888, 0.00529286, 0.34964944]",0.0,0.115,44.397227,4.231480167,False,False,-9.54,0.003,idle,False,False,False,0,0,12.1,0.0,18.6,False,False,0.0,0.0,-9.54,0.0,idle,Servo,SYNC,cypilot 0.3.2,36.295,rudder angle,0.0,2,0.0,False,0.0,0.0,0.0,0.0,False,False,-9.0,9.0,0.228,none,port,0.0,0.0,0.0,False,0,False,0,0.3,0s ,"[0.0, 0.0, 0.002, 0.0, 0.001, 0.003]"
10,"[0.9655393735217765, -0.028196757619555604, 0.002225641732711816, -0.25871549539561217]",-30.0,,-1.05,107.546875,346.875,60.0,45.0,0.0,1678,15.59,1.0,0.0,1.0,0.0,75.0,75.0,54.7244,79.9213,3.94,0.3987,6.897896281111382e-05,80.0,100.0,True,True,rudder angle,1.92,0.214,0.085,simple,0.0,104.8,22.81,0.5,pypilot,0.1,0.0,-10.0,gpsd,none,servo,none,9.996,0,34s ,0.2,0.2,0.1,"[-0.008, -0.052, 0.984]","[0.191, -0.0, -0.0]","[-21.75, 20.375, 51.375]","[-0.001, 0.003, -0.012]",0.488,-0.428,0.144,0.125,0.001,0.01,-0.438,0.02,-0.013,10.96,10.96,"[0.93652401, 0.02529888, 0.00529286, 0.34964944]",0.0,0.385,44.397229167,4.2314785,False,False,-9.54,0.003,idle,False,False,False,0,0,12.1,0.0,18.6,False,False,0.0,0.0,-9.54,0.0,idle,Servo,SYNC,cypilot 0.3.2,36.495,rudder angle,0.0,2,0.0,False,0.0,0.0,0.0,0.0,False,False,-9.0,9.0,0.229,none,port,0.0,0.0,0.0,False,0,False,0,0.3,0s ,"[0.0, 0.004, 0.001, 0.0, 0.001, 0.006]"
10,"[0.9655393735217765, -0.028196757619555604, 0.002225641732711816, -0.25871549539561217]",-30.0,,-1.05,107.546875,346.875,60.0,45.0,0.0,1678,15.59,1.0,0.0,1.0,0.0,75.0,75.0,54.7244,79.9213,3.94,0.3987,6.897896281111382e-05,80.0,100.0,True,True,rudder angle,1.92,0.214,0.085,simple,0.0,104.8,22.81,0.5,pypilot,0.1,0.0,-10.0,gpsd,none,servo,none,9.972,0,34s ,0.2,0.2,0.1,"[-0.008, -0.051, 0.983]","[-0.382, -0.0, 0.318]","[-22.188, 21.25, 51.0]","[0.0, 0.0, -0.011]",0.488,-0.428,-0.28,-0.264,0.315,1.807,-0.437,0.097,0.289,10.96,10.96,"[0.93652401, 0.02529888, 0.00529286, 0.34964944]",0.0,0.385,44.397229167,4.2314785,False,False,-9.55,-0.002,idle,False,False,False,0,0,12.1,0.0,18.6,False,False,0.0,0.0,-9.55,0.0,idle,Servo,SYNC,cypilot 0.3.2,36.695,rudder angle,0.0,2,0.0,False,0.0,0.0,0.0,0.0,False,False,-9.0,9.0,0.23,none,port,0.0,0.0,0.0,False,0,False,0,0.3,0s ,"[0.0, 0.001, 0.001, 0.0, 0.001, 0.003]"
10,"[0.9655393735217765, -0.028196757619555604, 0.002225641732711816, -0.25871549539561217]",-30.0,,-1.05,107.546875,346.875,60.0,45.0,0.0,1678,15.59,1.0,0.0,1.0,0.0,75.0,75.0,54.7244,79.9213,3.94,0.3987,6.897896281111382e-05,80.0,100.0,True,True,rudder angle,1.92,0.214,0.085,simple,0.0,104.8,22.81,0.5,pypilot,0.1,0.0,-10.0,gpsd,none,servo,none,9.972,0,34s ,0.2,0.2,0.1,"[-0.008, -0.05, 0.984]","[-0.0, -0.0, -0.0]","[-22.875, 20.75, 50.562]","[0.001, 0.001, -0.014]",0.488,-0.428,0.0,0.0,0.0,0.0,-0.437,0.062,-0.049,10.96,10.96,"[0.93652401, 0.02529888, 0.00529286, 0.34964944]",0.0,0.385,44.397229167,4.2314785,False,False,-9.55,-0.002,idle,False,False,False,0,0,12.1,0.0,18.6,False,False,0.0,0.0,-9.55,0.0,idle,Servo,SYNC,cypilot 0.3.2,36.896,rudder angle,0.0,2,0.0,False,0.0,0.0,0.0,0.0,False,False,-9.0,9.0,0.232,none,port,0.0,0.0,0.0,False,0,False,0,0.3,0s ,"[0.0, 0.0, 0.001, 0.0, 0.001, 0.003]"
10,"[0.9655393735217765, -0.028196757619555604, 0.002225641732711816, -0.25871549539561217]",-30.0,,-1.05,107.546875,346.875,60.0,45.0,0.0,1678,15.59,1.0,0.0,1.0,0.0,75.0,75.0,54.7244,79.9213,3.94,0.3987,6.897896281111382e-05,80.0,100.0,True,True,rudder angle,1.92,0.214,0.085,simple,0.0,104.8,22.81,0.5,pypilot,0.1,0.0,-10.0,gpsd,none,servo,none,9.982,0,35s ,0.2,0.2,0.1,"[-0.007, -0.046, 0.985]","[-0.064, -0.0, -0.0]","[-22.562, 20.75, 51.375]","[-0.001, 0.003, -0.012]",0.488,-0.428,-0.048,-0.042,-0.0,-0.005,-0.436,0.04,-0.04,10.96,10.96,"[0.93652401, 0.02529888, 0.00529286, 0.34964944]",0.0,0.385,44.397229167,4.2314785,False,False,-9.54,0.003,idle,False,False,False,0,0,12.1,0.0,18.6,False,False,0.0,0.0,-9.54,0.0,idle,Servo,SYNC,cypilot 0.3.2,37.096,rudder angle,0.0,2,0.0,False,0.0,0.0,0.0,0.0,False,False,-9.0,9.0,0.233,none,port,0.0,0.0,0.0,False,0,False,0,0.3,0s ,"[0.0, 0.0, 0.001, 0.0, 0.001, 0.003]"
10,"[0.9655393735217765, -0.028196757619555604, 0.002225641732711816, -0.25871549539561217]",-30.0,,-1.05,107.546875,346.875,60.0,45.0,0.0,1678,15.59,1.0,0.0,1.0,0.0,75.0,75.0,54.7244,79.9213,3.94,0.3987,6.897896281111382e-05,80.0,100.0,True,True,rudder angle,1.92,0.214,0.085,simple,0.0,104.8,22.81,0.5,pypilot,0.1,0.0,-10.0,gpsd,none,servo,none,9.982,0,35s ,0.2,0.2,0.1,"[-0.009, -0.051, 0.985]","[-0.0, 0.064, -0.0]","[-21.375, 21.25, 51.0]","[0.001, 0.001, -0.014]",0.488,-0.428,-0.042,0.048,0.003,-0.603,-0.436,0.036,-0.035,10.96,10.96,"[0.93652401, 0.02529888, 0.00529286, 0.34964944]",0.0,0.385,44.397229167,4.2314785,False,False,-9.54,0.003,idle,False,False,False,0,0,12.1,0.0,18.6,False,False,0.0,0.0,-9.54,0.0,idle,Servo,SYNC,cypilot 0.3.2,37.296,rudder angle,0.0,2,0.0,False,0.0,0.0,0.0,0.0,False,False,-9.0,9.0,0.234,none,port,0.0,0.0,0.0,False,0,False,0,0.3,0s ,"[0.0, 0.0, 0.001, 0.0, 0.0, 0.003]"
10,"[0.9655393735217765, -0.028196757619555604, 0.002225641732711816, -0.25871549539561217]",-30.0,,-1.05,107.546875,346.875,60.0,45.0,0.0,1678,15.59,1.0,0.0,1.0,0.0,75.0,75.0,54.7244,79.9213,3.94,0.3987,6.897896281111382e-05,80.0,100.0,True,True,rudder angle,1.92,0.214,0.085,simple,0.0,104.8,22.81,0.5,pypilot,0.1,0.0,-10.0,gpsd,none,servo,none,9.989,0,35s ,0.2,0.2,0.1,"[-0.007, -0.05, 0.985]","[-0.127, -0.0, 0.064]","[-22.188, 22.5, 50.562]","[0.001, 0.0, -0.014]",0.488,-0.428,-0.094,-0.086,0.063,0.625,-0.435,0.036,0.031,10.96,10.96,"[0.93652401, 0.02529888, 0.00529286, 0.34964944]",0.0,1.067,44.39724,4.231474833,False,False,-9.53,0.006,idle,False,False,False,0,0,12.1,0.0,18.6,False,False,0.0,0.0,-9.53,0.0,idle,Servo,SYNC,cypilot 0.3.2,37.496,rudder angle,0.0,2,0.0,False,0.0,0.0,0.0,0.0,False,False,-9.0,9.0,0.235,none,port,0.0,0.0,0.0,False,0,False,0,0.3,0s ,"[0.0, 0.001, 0.001, 0.0, 0.0, 0.003]"
10,"[0.9655393735217765, -0.028196757619555604, 0.002225641732711816, -0.25871549539561217]",-30.0,,-1.05,107.546875,346.875,60.0,45.0,0.0,1678,15.59,1.0,0.0,1.0,0.0,75.0,75.0,54.7244,79.9213,3.94,0.3987,6.897896281111382e-05,80.0,100.0,True,True,rudder angle,1.92,0.214,0.085,simple,0.0,104.8,22.81,0.5,pypilot,0.1,0.0,-10.0,gpsd,none,servo,none,9.989,0,35s ,0.2,0.2,0.1,"[-0.006, -0.05, 0.985]","[-0.0, -0.0, -0.0]","[-22.562, 22.062, 51.0]","[0.0, 0.001, -0.013]",0.488,-0.428,0.0,0.0,0.0,0.005,-0.435,0.023,-0.031,10.96,10.96,"[0.93652401, 0.02529888, 0.00529286, 0.34964944]",0.0,1.067,44.39724,4.231474833,False,False,-9.55,-0.005,idle,False,False,False,0,0,12.1,0.0,18.6,False,False,0.0,0.0,-9.55,0.0,idle,Servo,SYNC,cypilot 0.3.2,37.697,rudder angle,0.0,2,0.0,False,0.0,0.0,0.0,0.0,False,False,-9.0,9.0,0.236,none,port,0.0,0.0,0.0,False,0,False,0,0.3,0s ,"[0.0, 0.0, 0.002, 0.0, 0.001, 0.003]"
10,"[0.9655393735217765, -0.028196757619555604, 0.002225641732711816, -0.25871549539561217]",-30.0,,-1.05,107.546875,346.875,60.0,45.0,0.0,1678,15.59,1.0,0.0,1.0,0.0,75.0,75.0,54.7244,79.9213,3.94,0.3987,6.897896281111382e-05,80.0,100.0,True,True,rudder angle,1.92,0.214,0.085,simple,0.0,104.8,22.81,0.5,pypilot,0.1,0.0,-10.0,gpsd,none,servo,none,9.994,0,35s ,0.2,0.2,0.1,"[-0.008, -0.049, 0.985]","[-0.0, -0.0, -0.127]","[-22.875, 21.688, 50.562]","[0.0, 0.001, -0.014]",0.488,-0.428,-0.004,0.006,-0.127,-0.645,-0.434,-0.024,-0.144,10.96,10.96,"[0.93652401, 0.02529888, 0.00529286, 0.34964944]",0.0,1.067,44.39724,4.231474833,False,False,-9.53,0.006,idle,False,False,False,0,0,12.1,0.0,18.6,False,False,0.0,0.0,-9.53,0.0,idle,Servo,SYNC,cypilot 0.3.2,37.997,rudder angle,0.0,2,0.0,False,0.0,0.0,0.0,0.0,False,False,-9.0,9.0,0.238,none,port,0.0,0.0,0.0,False,0,False,0,0.3,0s ,"[0.0, 0.0, 0.001, 0.0, 0.001, 0.002]"
10,"[0.9655393735217765, -0.028196757619555604, 0.002225641732711816, -0.25871549539561217]",-30.0,,-1.05,107.546875,346.875,60.0,45.0,0.0,1678,15.59,1.0,0.0,1.0,0.0,75.0,75.0,54.7244,79.9213,3.94,0.3987,6.897896281111382e-05,80.0,100.0,True,True,rudder angle,1.92,0.214,0.085,simple,0.0,104.8,22.81,0.5,pypilot,0.1,0.0,-10.0,gpsd,none,servo,none,9.987,0,36s ,0.2,0.2,0.1,"[-0.007, -0.051, 0.984]","[0.191, -0.0, -0.0]","[-22.875, 22.062, 51.75]","[0.0, 0.0, -0.014]",0.488,-0.428,0.144,0.125,0.001,0.02,-0.434,-0.015,-0.0,10.96,10.96,"[0.93652401, 0.02529888, 0.00529286, 0.34964944]",0.0,1.067,44.39724,4.231474833,False,False,-9.57,-0.015,idle,False,False,False,0,0,12.1,0.0,18.6,False,False,0.0,0.0,-9.57,0.0,idle,Servo,SYNC,cypilot 0.3.2,38.197,rudder angle,0.0,2,0.0,False,0.0,0.0,0.0,0.0,False,False,-9.0,9.0,0.24,none,port,0.0,0.0,0.0,False,0,False,0,0.3,0s ,"[0.0, 0.001, 0.001, 0.0, 0.001, 0.003]"
10,"[0.9655393735217765, -0.028196757619555604, 0.002225641732711816, -0.25871549539561217]",-30.0,,-1.05,107.546875,346.875,60.0,45.0,0.0,1678,15.59,1.0,0.0,1.0,0.0,75.0,75.0,54.7244,79.9213,3.94,0.3987,6.897896281111382e-05,80.0,100.0,True,True,rudder angle,1.92,0.214,0.085,simple,0.0,104.8,22.81,0.5,pypilot,0.1,0.0,-10.0,gpsd,none,servo,none,9.987,0,36s ,0.2,0.2,0.1,"[-0.01, -0.05, 0.983]","[0.191, -0.0, 0.127]","[-22.562, 20.75, 51.75]","[0.002, 0.0, -0.014]",0.488,-0.428,0.148,0.12,0.129,0.65,-0.434,0.026,0.12,10.96,10.96,"[0.93652401, 0.02529888, 0.00529286, 0.34964944]",0.0,1.067,44.39724,4.231474833,False,False,-9.57,-0.015,idle,False,False,False,0,0,12.1,0.0,18.6,False,False,0.0,0.0,-9.57,0.0,idle,Servo,SYNC,cypilot 0.3.2,38.398,rudder angle,0.0,2,0.0,False,0.0,0.0,0.0,0.0,False,False,-9.0,9.0,0.241,none,port,0.0,0.0,0.0,False,0,False,0,0.3,0s ,"[0.0, 0.001, 0.002, 0.0, 0.0, 0.003]"
10,"[0.9655393735217765, -0.028196757619555604, 0.002225641732711816, -0.25871549539561217]",-30.0,,-1.05,107.546875,346.875,60.0,45.0,0.0,1678,15.59,1.0,0.0,1.0,0.0,75.0,75.0,54.7244,79.9213,3.94,0.3987,6.897896281111382e-05,80.0,100.0,True,True,rudder angle,1.92,0.214,0.085,simple,0.0,104.8,22.81,0.5,pypilot,0.1,0.0,-10.0,gpsd,none,servo,none,9.986,0,36s ,0.2,0.2,0.1,"[-0.006, -0.047, 0.984]","[-0.0, -0.0, 0.064]","[-22.188, 21.688, 51.375]","[0.0, 0.0, -0.014]",0.488,-0.428,0.002,-0.003,0.064,-0.005,-0.433,0.04,0.039,10.96,10.96,"[0.93652401, 0.02529888, 0.00529286, 0.34964944]",0.0,0.785,44.397240167,4.231475,False,False,-9.55,-0.007,idle,False,False,False,0,0,12.1,0.0,18.6,False,False,0.0,0.0,-9.55,0.0,idle,Servo,SYNC,cypilot 0.3.2,38.598,rudder angle,0.0,2,0.0,False,0.0,0.0,0.0,0.0,False,False,-9.0,9.0,0.242,none,port,0.0,0.0,0.0,False,0,False,0,0.3,0s ,"[0.0, 0.0, 0.002, 0.0, 0.0, 0.003]"
10,"[0.9655393735217765, -0.028196757619555604, 0.002225641732711816, -0.25871549539561217]",-30.0,,-1.05,107.546875,346.875,60.0,45.0,0.0,1678,15.59,1.0,0.0,1.0,0.0,75.0,75.0,54.7244,79.9213,3.94,0.3987,6.897896281111382e-05,80.0,100.0,True,True,rudder angle,1.92,0.214,0.085,simple,0.0,104.8,22.81,0.5,pypilot,0.1,0.0,-10.0,gpsd,none,servo,none,9.986,0,36s ,0.2,0.2,0.1,"[-0.009, -0.052, 0.985]","[-0.0, -0.0, -0.191]","[-22.562, 19.875, 50.562]","[0.001, 0.0, -0.014]",0.488,-0.428,-0.005,0.008,-0.191,-3.812,-0.433,0.018,-0.235,10.96,10.96,"[0.93652401, 0.02529888, 0.00529286, 0.34964944]",0.0,0.785,44.397240167,4.231475,False,False,-9.55,-0.006,idle,False,False,False,0,0,12.1,0.0,18.6,False,False,0.0,0.0,-9.55,0.0,idle,Servo,SYNC,cypilot 0.3.2,38.798,rudder angle,0.0,2,0.0,False,0.0,0.0,0.0,0.0,False,False,-9.0,9.0,0.243,none,port,0.0,0.0,0.0,False,0,False,0,0.3,0s ,"[0.0, 0.0, 0.001, 0.0, 0.0, 0.003]"
10,"[0.9655393735217765, -0.028196757619555604, 0.002225641732711816, -0.25871549539561217]",-30.0,,-1.05,107.546875,346.875,60.0,45.0,0.0,1678,15.59,1.0,0.0,1.0,0.0,75.0,75.0,54.7244,79.9213,3.94,0.3987,6.897896281111382e-05,80.0,100.0,True,True,rudder angle,1.92,0.214,0.085,simple,0.0,104.8,22.81,0.5,pypilot,0.1,0.0,-10.0,gpsd,none,servo,none,9.99,0,36s ,0.2,0.2,0.1,"[-0.007, -0.05, 0.981]","[-0.0, -0.0, -0.0]","[-22.188, 21.25, 50.562]","[0.001, 0.001, -0.012]",0.488,-0.428,0.0,0.0,0.0,-1.901,-0.433,0.042,-0.038,10.96,10.96,"[0.93652401, 0.02529888, 0.00529286, 0.34964944]",0.0,0.785,44.397240167,4.231475,False,False,-9.55,-0.005,idle,False,False,False,0,0,12.1,0.0,18.6,False,False,0.0,0.0,-9.55,0.0,idle,Servo,SYNC,cypilot 0.3.2,38.998,rudder angle,0.0,2,0.0,False,0.0,0.0,0.0,0.0,False,False,-9.0,9.0,0.244,none,port,0.0,0.0,0.0,False,0,False,0,0.3,0s ,"[0.0, 0.0, 0.001, 0.0, 0.001, 0.003]"
10,"[0.9655393735217765, -0.028196757619555604, 0.002225641732711816, -0.25871549539561217]",-30.0,,-1.05,107.546875,346.875,60.0,45.0,0.0,1678,15.59,1.0,0.0,1.0,0.0,75.0,75.0,54.7244,79.9213,3.94,0.3987,6.897896281111382e-05,80.0,100.0,True,True,rudder angle,1.92,0.214,0.085,simple,0.0,104.8,22.81,0.5,pypilot,0.1,0.0,-10.0,gpsd,none,servo,none,9.99,0,37s ,0.2,0.2,0.1,"[-0.006, -0.051, 0.984]","[-0.0, -0.064, -0.0]","[-22.562, 22.875, 51.0]","[0.0, 0.002, -0.013]",0.488,-0.428,0.042,-0.048,-0.003,0.603,-0.433,0.016,-0.028,10.96,10.96,"[0.93652401, 0.02529888, 0.00529286, 0.34964944]",0.0,0.785,44.397240167,4.231475,False,False,-9.56,-0.01,idle,False,False,False,0,0,12.1,0.0,18.6,False,False,0.0,0.0,-9.56,0.0,idle,Servo,SYNC,cypilot 0.3.2,39.199,rudder angle,0.0,2,0.0,False,0.0,0.0,0.0,0.0,False,False,-9.0,9.0,0.246,none,port,0.0,0.0,0.0,False,0,False,0,0.3,0s ,"[0.0, 0.0, 0.001, 0.0, 0.0, 0.002]"
10,"[0.9655393735217765, -0.028196757619555604, 0.002225641732711816, -0.25871549539561217]",-30.0,,-1.05,107.546875,346.875,60.0,45.0,0.0,1678,15.59,1.0,0.0,1.0,0.0,75.0,75.0,54.7244,79.9213,3.94,0.3987,6.897896281111382e-05,80.0,100.0,True,True,rudder angle,1.92,0.214,0.085,simple,0.0,104.8,22.81,0.5,pypilot,0.1,0.0,-10.0,gpsd,none,servo,none,9.992,0,37s ,0.2,0.2,0.1,"[-0.009, -0.052, 0.984]","[0.064, -0.0, -0.064]","[-22.188, 21.25, 51.75]","[0.0, 0.001, -0.014]",0.488,-0.428,0.046,0.044,-0.063,-0.631,-0.432,-0.002,-0.083,10.96,10.96,"[0.93652401, 0.02529888, 0.00529286, 0.34964944]",0.0,0.785,44.397240167,4.231475,False,False,-9.56,-0.01,idle,False,False,False,0,0,12.1,0.0,18.6,False,False,0.0,0.0,-9.56,0.0,idle,Servo,SYNC,cypilot 0.3.2,39.399,rudder angle,0.0,2,0.0,False,0.0,0.0,0.0,0.0,False,False,-9.0,9.0,0.247,none,port,0.0,0.0,0.0,False,0,False,0,0.3,0s ,"[0.0, 0.0, 0.001, 0.0, 0.0, 0.002]"
10,"[0.9655393735217765, -0.028196757619555604, 0.002225641732711816, -0.25871549539561217]",-30.0,,-1.05,107.546875,346.875,60.0,45.0,0.0,1678,15.59,1.0,0.0,1.0,0.0,75.0,75.0,54.7244,79.9213,3.94,0.3987,6.897896281111382e-05,80.0,100.0,True,True,rudder angle,1.92,0.214,0.085,simple,0.0,104.8,22.81,0.5,pypilot,0.1,0.0,-10.0,gpsd,none,servo,none,9.992,0,37s ,0.2,0.2,0.1,"[-0.008, -0.052, 0.984]","[-0.0, -0.0, 0.064]","[-22.188, 21.25, 51.0]","[-0.001, 0.002, -0.014]",0.488,-0.428,0.002,-0.003,0.064,0.64,-0.432,0.011,0.053,10.96,10.96,"[0.93652401, 0.02529888, 0.00529286, 0.34964944]",0.0,0.297,44.397233,4.231477333,False,False,-9.54,-0.002,idle,False,False,False,0,0,12.1,0.0,18.6,False,False,0.0,0.0,-9.54,0.0,idle,Servo,SYNC,cypilot 0.3.2,39.599,rudder angle,0.0,2,0.0,False,0.0,0.0,0.0,0.0,False,False,-9.0,9.0,0.248,none,port,0.0,0.0,0.0,False,0,False,0,0.3,0s ,"[0.0, 0.0, 0.001, 0.0, 0.0, 0.001]"
10,"[0.9655393735217765, -0.028196757619555604, 0.002225641732711816, -0.25871549539561217]",-30.0,,-1.05,107.546875,346.875,60.0,45.0,0.0,1678,15.59,1.0,0.0,1.0,0.0,75.0,75.0,54.7244,79.9213,3.94,0.3987,6.897896281111382e-05,80.0,100.0,True,True,rudder angle,1.92,0.214,0.085,simple,0.0,104.8,22.81,0.5,pypilot,0.1,0.0,-10.0,gpsd,none,servo,none,9.997,0,37s ,0.2,0.2,0.1,"[-0.01, -0.053, 0.983]","[-0.191, -0.0, -0.0]","[-21.375, 22.062, 51.0]","[0.0, 0.001, -0.012]",0.488,-0.428,-0.144,-0.125,-0.001,1.231,-0.432,-0.013,-0.003,10.96,10.96,"[0.93652401, 0.02529888, 0.00529286, 0.34964944]",0.0,0.297,44.397233,4.231477333,False,False,-9.54,-0.002,idle,False,False,False,0,0,12.1,0.0,18.6,False,False,0.0,0.0,-9.54,0.0,idle,Servo,SYNC,cypilot 0.3.2,39.799,rudder angle,0.0,2,0.0,False,0.0,0.0,0.0,0.0,False,False,-9.0,9.0,0.249,none,port,0.0,0.0,0.0,False,0,False,0,0.3,0s ,"[0.0, 0.0, 0.001, 0.0, 0.0, 0.001]"
10,"[0.9655393735217765, -0.028196757619555604, 0.002225641732711816, -0.25871549539561217]",-30.0,,-1.05,107.546875,346.875,60.0,45.0,0.0,1678,15.59,1.0,0.0,1.0,0.0,75.0,75.0,54.7244,79.9213,3.94,0.3987,6.897896281111382e-05,80.0,100.0,True,True,rudder angle,1.92,0.214,0.085,simple,0.0,104.8,22.81,0.5,pypilot,0.1,0.0,-10.0,gpsd,none,servo,none,9.997,0,37s ,0.2,0.2,0.1,"[-0.01, -0.055, 0.984]","[-0.318, -0.0, -0.127]","[-22.188, 21.25, 51.0]","[-0.001, -0.004, -0.013]",0.488,-0.428,-0.244,-0.203,-0.13,-1.93,-0.432,-0.024,-0.137,10.96,10.96,"[0.93652401, 0.02529888, 0.00529286, 0.34964944]",0.0,0.297,44.397233,4.231477333,False,False,-9.55,-0.007,idle,False,False,False,0,0,12.1,0.0,18.6,False,False,0.0,0.0,-9.55,0.0,idle,Servo,SYNC,cypilot 0.3.2,39.999,rudder angle,0.0,2,0.0,False,0.0,0.0,0.0,0.0,False,False,-9.0,9.0,0.25,none,port,0.0,0.0,0.0,False,0,False,0,0.3,0s ,"[0.0, 0.001, 0.002, 0.0, 0.001, 0.003]"
10,"[0.9655393735217765, -0.028196757619555604, 0.002225641732711816, -0.25871549539561217]",-30.0,,-1.05,107.546875,346.875,60.0,45.0,0.0,1678,15.59,1.0,0.0,1.0,0.0,75.0,75.0,54.7244,79.9213,3.94,0.3987,6.897896281111382e-05,80.0,100.0,True,True,rudder angle,1.92,0.214,0.085,simple,0.0,104.8,22.81,0.5,pypilot,0.1,0.0,-10.0,gpsd,none,servo,none,9.933,0,38s ,0.2,0.2,0.1,"[-0.007, -0.044, 0.986]","[0.318, -0.0, -0.127]","[-22.562, 21.688, 51.75]","[0.0, 0.006, -0.011]",0.488,-0.428,0.237,0.214,-0.125,0.03,-0.431,-0.058,-0.107,10.96,10.96,"[0.93652401, 0.02529888, 0.00529286, 0.34964944]",0.0,0.297,44.397233,4.231477333,False,False,-9.56,-0.011,idle,False,False,False,0,0,12.1,0.0,18.6,False,False,0.0,0.0,-9.56,0.0,idle,Servo,SYNC,cypilot 0.3.2,40.3,rudder angle,0.0,2,0.0,False,0.0,0.0,0.0,0.0,False,False,-9.0,9.0,0.252,none,port,0.0,0.0,0.0,False,0,False,0,0.3,0s ,"[0.0, 0.001, 0.001, 0.0, 0.0, 0.003]"
10,"[0.9655393735217765, -0.028196757619555604, 0.002225641732711816, -0.25871549539561217]",-30.0,,-1.05,107.546875,346.875,60.0,45.0,0.0,1678,15.59,1.0,0.0,1.0,0.0,75.0,75.0,54.7244,79.9213,3.94,0.3987,6.897896281111382e-05,80.0,100.0,True,True,rudder angle,1.92,0.214,0.085,simple,0.0,104.8,22.81,0.5,pypilot,0.1,0.0,-10.0,gpsd,none,servo,none,9.933,0,38s ,0.2,0.2,0.1,"[-0.011, -0.055, 0.983]","[-0.446, -0.0, -0.0]","[-22.562, 20.375, 51.75]","[-0.002, -0.004, -0.014]",0.488,-0.428,-0.337,-0.292,-0.003,-0.035,-0.431,-0.038,0.022,10.96,10.96,"[0.93652401, 0.02529888, 0.00529286, 0.34964944]",0.0,0.196,44.397233333,4.231478,False,False,-9.53,0.005,idle,False,False,False,0,0,12.1,0.0,18.6,False,False,0.0,0.0,-9.53,0.0,idle,Servo,SYNC,cypilot 0.3.2,40.501,rudder angle,0.0,2,0.0,False,0.0,0.0,0.0,0.0,False,False,-9.0,9.0,0.253,none,port,0.0,0.0,0.0,False,0,False,0,0.3,0s ,"[0.0, 0.001, 0.001, 0.0, 0.0, 0.004]"
10,"[0.9655393735217765, -0.028196757619555604, 0.002225641732711816, -0.25871549539561217]",-30.0,,-1.05,107.546875,346.875,60.0,45.0,0.0,1678,15.59,1.0,0.0,1.0,0.0,75.0,75.0,54.7244,79.9213,3.94,0.3987,6.897896281111382e-05,80.0,100.0,True,True,rudder angle,1.92,0.214,0.085,simple,0.0,104.8,22.81,0.5,pypilot,0.1,0.0,-10.0,gpsd,none,servo,none,10.012,0,38s ,0.2,0.2,0.1,"[-0.009, -0.047, 0.983]","[0.255, 0.064, -0.064]","[-22.562, 22.062, 51.375]","[0.0, 0.003, -0.014]",0.488,-0.428,0.149,0.218,-0.058,0.03,-0.431,-0.046,-0.031,10.96,10.96,"[0.93652401, 0.02529888, 0.00529286, 0.34964944]",0.0,0.196,44.397233333,4.231478,False,False,-9.55,-0.005,idle,False,False,False,0,0,12.1,0.0,18.6,False,False,0.0,0.0,-9.55,0.0,idle,Servo,SYNC,cypilot 0.3.2,40.701,rudder angle,0.0,2,0.0,False,0.0,0.0,0.0,0.0,False,False,-9.0,9.0,0.255,none,port,0.0,0.0,0.0,False,0,False,0,0.3,0s ,"[0.0, 0.0, 0.001, 0.0, 0.0, 0.002]"
10,"[0.9655393735217765, -0.028196757619555604, 0.002225641732711816, -0.25871549539561217]",-30.0,,-1.05,107.546875,346.875,60.0,45.0,0.0,1678,15.59,1.0,0.0,1.0,0.0,75.0,75.0,54.7244,79.9213,3.94,0.3987,6.897896281111382e-05,80.0,100.0,True,True,rudder angle,1.92,0.214,0.085,simple,0.0,104.8,22.81,0.5,pypilot,0.1,0.0,-10.0,gpsd,none,servo,none,10.012,0,38s ,0.2,0.2,0.1,"[-0.008, -0.052, 0.984]","[-0.0, -0.0, -0.064]","[-22.188, 20.75, 51.375]","[-0.002, 0.0, -0.015]",0.488,-0.428,-0.002,0.003,-0.064,1.223,-0.431,-0.072,-0.018,10.96,10.96,"[0.93652401, 0.02529888, 0.00529286, 0.34964944]",0.0,0.196,44.397233333,4.231478,False,False,-9.56,-0.008,idle,False,False,False,0,0,12.1,0.0,18.6,False,False,0.0,0.0,-9.56,0.0,idle,Servo,SYNC,cypilot 0.3.2,40.901,rudder angle,0.0,2,0.0,False,0.0,0.0,0.0,0.0,False,False,-9.0,9.0,0.256,none,port,0.0,0.0,0.0,False,0,False,0,0.3,0s ,"[0.0, 0.001, 0.002, 0.0, 0.001, 0.004]"
10,"[0.9655393735217765, -0.028196757619555604, 0.002225641732711816, -0.25871549539561217]",-30.0,,-1.05,107.546875,346.875,60.0,45.0,0.0,1678,15.59,1.0,0.0,1.0,0.0,75.0,75.0,54.7244,79.9213,3.94,0.3987,6.897896281111382e-05,80.0,100.0,True,True,rudder angle,1.92,0.214,0.085,simple,0.0,104.8,22.81,0.5,pypilot,0.1,0.0,-10.0,gpsd,none,servo,none,9.993,0,38s ,0.2,0.2,0.1,"[-0.008, -0.049, 0.984]","[-0.127, -0.0, -0.0]","[-22.188, 20.75, 51.375]","[0.0, 0.004, -0.013]",0.488,-0.428,-0.096,-0.083,-0.001,-0.635,-0.431,-0.036,0.036,10.96,10.96,"[0.93652401, 0.02529888, 0.00529286, 0.34964944]",0.0,0.196,44.397233333,4.231478,False,False,-9.56,-0.007,idle,False,False,False,0,0,12.1,0.0,18.6,False,False,0.0,0.0,-9.56,0.0,idle,Servo,SYNC,cypilot 0.3.2,41.101,rudder angle,0.0,2,0.0,False,0.0,0.0,0.0,0.0,False,False,-9.0,9.0,0.257,none,port,0.0,0.0,0.0,False,0,False,0,0.3,0s ,"[0.0, 0.0, 0.002, 0.0, 0.001, 0.003]"
10,"[0.9655393735217765, -0.028196757619555604, 0.002225641732711816, -0.25871549539561217]",-30.0,,-1.05,107.546875,346.875,60.0,45.0,0.0,1678,15.59,1.0,0.0,1.0,0.0,75.0,75.0,54.7244,79.9213,3.94,0.3987,6.897896281111382e-05,80.0,100.0,True,True,rudder angle,1.92,0.214,0.085,simple,0.0,104.8,22.81,0.5,pypilot,0.1,0.0,-10.0,gpsd,none,servo,none,9.993,0,39s ,0.2,0.2,0.1,"[-0.007, -0.05, 0.984]","[-0.0, -0.0, -0.0]","[-21.75, 19.562, 51.75]","[0.0, 0.0, -0.015]",0.488,-0.428,0.0,0.0,0.0,0.032,-0.431,-0.024,0.03,10.96,10.96,"[0.93652401, 0.02529888, 0.00529286, 0.34964944]",0.0,0.196,44.397233333,4.231478,False,False,-9.57,-0.012,idle,False,False,False,0,0,12.1,0.0,18.6,False,False,0.0,0.0,-9.57,0.0,idle,Servo,SYNC,cypilot 0.3.2,41.301,rudder angle,0.0,2,0.0,False,0.0,0.0,0.0,0.0,False,False,-9.0,9.0,0.258,none,port,0.0,0.0,0.0,False,0,False,0,0.3,0s ,"[0.0, 0.0, 0.002, 0.0, 0.001, 0.003]"
10,"[0.9655393735217765, -0.028196757619555604, 0.002225641732711816, -0.25871549539561217]",-30.0,,-1.05,107.546875,346.875,60.0,45.0,0.0,1678,15.59,1.0,0.0,1.0,0.0,75.0,75.0,54.7244,79.9213,3.94,0.3987,6.897896281111382e-05,80.0,100.0,True,True,rudder angle,1.92,0.214,0.085,simple,0.0,104.8,22.81,0.5,pypilot,0.1,0.0,-10.0,gpsd,none,servo,none,9.988,0,39s ,0.2,0.2,0.1,"[-0.007, -0.048, 0.984]","[-0.191, 0.127, -0.0]","[-22.875, 21.688, 50.562]","[0.001, 0.001, -0.014]",0.488,-0.428,-0.228,-0.029,0.005,-0.01,-0.43,-0.013,0.029,10.96,10.96,"[0.93652401, 0.02529888, 0.00529286, 0.34964944]",0.0,0.076,44.397232667,4.231479,False,False,-9.53,0.01,idle,False,False,False,0,0,12.1,0.0,18.6,False,False,0.0,0.0,-9.53,0.0,idle,Servo,SYNC,cypilot 0.3.2,41.502,rudder angle,0.0,2,0.0,False,0.0,0.0,0.0,0.0,False,False,-9.0,9.0,0.259,none,port,0.0,0.0,0.0,False,0,False,0,0.3,0s ,"[0.0, 0.001, 0.001, 0.0, 0.001, 0.003]"
10,"[0.9655393735217765, -0.028196757619555604, 0.002225641732711816, -0.25871549539561217]",-30.0,,-1.05,107.546875,346.875,60.0,45.0,0.0,1678,15.59,1.0,0.0,1.0,0.0,75.0,75.0,54.7244,79.9213,3.94,0.3987,6.897896281111382e-05,80.0,100.0,True,True,rudder angle,1.92,0.214,0.085,simple,0.0,104.8,22.81,0.5,pypilot,0.1,0.0,-10.0,gpsd,none,servo,none,9.988,0,39s ,0.2,0.2,0.1,"[-0.007, -0.049, 0.985]","[-0.0, 0.127, 0.064]","[-22.562, 21.25, 50.562]","[0.002, 0.003, -0.014]",0.488,-0.428,-0.082,0.093,0.07,-0.57,-0.43,0.026,0.076,10.96,10.96,"[0.93652401, 0.02529888, 0.00529286, 0.34964944]",0.0,0.076,44.397232667,4.231479,False,False,-9.55,-0.001,idle,False,False,False,0,0,12.1,0.0,18.6,False,False,0.0,0.0,-9.55,0.0,idle,Servo,SYNC,cypilot 0.3.2,41.702,rudder angle,0.0,2,0.0,False,0.0,0.0,0.0,0.0,False,False,-9.0,9.0,0.261,none,port,0.0,0.0,0.0,False,0,False,0,0.3,0s ,"[0.0, 0.0, 0.001, 0.0, 0.001, 0.003]"
10,"[0.9655393735217765, -0.028196757619555604, 0.002225641732711816, -0.25871549539561217]",-30.0,,-1.05,107.546875,346.875,60.0,45.0,0.0,1678,15.59,1.0,0.0,1.0,0.0,75.0,75.0,54.7244,79.9213,3.94,0.3987,6.897896281111382e-05,80.0,100.0,True,True,rudder angle,1.92,0.214,0.085,simple,0.0,104.8,22.81,0.5,pypilot,0.1,0.0,-10.0,gpsd,none,servo,none,9.987,0,39s ,0.2,0.2,0.1,"[-0.009, -0.052, 0.983]","[-0.0, -0.0, -0.0]","[-21.75, 21.25, 51.0]","[0.0, 0.0, -0.013]",0.488,-0.428,0.0,0.0,0.0,1.238,-0.43,-0.003,0.011,10.96,10.96,"[0.93652401, 0.02529888, 0.00529286, 0.34964944]",0.0,0.076,44.397232667,4.231479,False,False,-9.55,-0.001,idle,False,False,False,0,0,12.1,0.0,18.6,False,False,0.0,0.0,-9.55,0.0,idle,Servo,SYNC,cypilot 0.3.2,41.902,rudder angle,0.0,2,0.0,False,0.0,0.0,0.0,0.0,False,False,-9.0,9.0,0.262,none,port,0.0,0.0,0.0,False,0,False,0,0.3,0s ,"[0.0, 0.0, 0.002, 0.0, 0.001, 0.003]"
10,"[0.9655393735217765, -0.028196757619555604, 0.002225641732711816, -0.25871549539561217]",-30.0,,-1.05,107.546875,346.875,60.0,45.0,0.0,1678,15.59,1.0,0.0,1.0,0.0,75.0,75.0,54.7244,79.9213,3.94,0.3987,6.897896281111382e-05,80.0,100.0,True,True,rudder angle,1.92,0.214,0.085,simple,0.0,104.8,22.81,0.5,pypilot,0.1,0.0,-10.0,gpsd,none,servo,none,9.987,0,39s ,0.2,0.2,0.1,"[-0.008, -0.05, 0.984]","[-0.064, -0.0, 0.127]","[-22.562, 21.688, 51.375]","[0.0, 0.0, -0.015]",0.488,-0.428,-0.045,-0.047,0.127,1.265,-0.43,0.023,0.135,10.96,10.96,"[0.93652401, 0.02529888, 0.00529286, 0.34964944]",0.0,0.076,44.397232667,4.231479,False,False,-9.55,-0.001,idle,False,False,False,0,0,12.1,0.0,19.0,False,False,0.0,0.0,-9.55,0.0,idle,Servo,SYNC,cypilot 0.3.2,42.102,rudder angle,0.0,2,0.0,False,0.0,0.0,0.0,0.0,False,False,-9.0,9.0,0.263,none,port,0.0,0.0,0.0,False,0,False,0,0.3,0s ,"[0.0, 0.001, 0.002, 0.0, 0.001, 0.004]"
10,"[0.9655393735217765, -0.028196757619555604, 0.002225641732711816, -0.25871549539561217]",-30.0,,-1.05,107.546875,346.875,60.0,45.0,0.0,1678,15.59,1.0,0.0,1.0,0.0,75.0,75.0,54.7244,79.9213,3.94,0.3987,6.897896281111382e-05,80.0,100.0,True,True,rudder angle,1.92,0.214,0.085,simple,0.0,104.8,22.81,0.5,pypilot,0.1,0.0,-10.0,gpsd,none,servo,none,9.995,0,40s ,0.2,0.2,0.1,"[-0.009, -0.048, 0.985]","[-0.0, -0.0, -0.0]","[-22.875, 22.062, 50.562]","[0.001, 0.003, -0.012]",0.488,-0.428,0.0,0.0,0.0,-1.27,-0.43,0.035,-0.017,10.96,10.96,"[0.93652401, 0.02529888, 0.00529286, 0.34964944]",0.0,0.076,44.397232667,4.231479,False,False,-9.55,-0.001,idle,False,False,False,0,0,12.1,0.0,19.0,False,False,0.0,0.0,-9.55,0.0,idle,Servo,SYNC,cypilot 0.3.2,42.303,rudder angle,0.0,2,0.0,False,0.0,0.0,0.0,0.0,False,False,-9.0,9.0,0.264,none,port,0.0,0.0,0.0,False,0,False,0,0.3,0s ,"[0.0, 0.001, 0.002, 0.0, 0.001, 0.004]"
10,"[0.9655393735217765, -0.028196757619555604, 0.002225641732711816, -0.25871549539561217]",-30.0,,-1.05,107.546875,346.875,60.0,45.0,0.0,1678,15.59,1.0,0.0,1.0,0.0,75.0,75.0,54.7244,79.9213,3.94,0.3987,6.897896281111382e-05,80.0,100.0,True,True,rudder angle,1.92,0.214,0.085,simple,0.0,104.8,22.81,0.5,pypilot,0.1,0.0,-10.0,gpsd,none,servo,none,9.995,0,40s ,0.2,0.2,0.1,"[-0.008, -0.05, 0.984]","[-0.0, -0.127, -0.0]","[-22.562, 20.375, 51.375]","[0.0, 0.0, -0.014]",0.488,-0.428,0.083,-0.096,-0.007,0.0,-0.43,0.02,-0.02,10.96,10.96,"[0.93652401, 0.02529888, 0.00529286, 0.34964944]",0.0,0.169,44.397229833,4.23148,False,False,-9.56,-0.006,idle,False,False,False,0,0,12.1,0.0,19.0,False,False,0.0,0.0,-9.56,0.0,idle,Servo,SYNC,cypilot 0.3.2,42.503,rudder angle,0.0,2,0.0,False,0.0,0.0,0.0,0.0,False,False,-9.0,9.0,0.265,none,port,0.0,0.0,0.0,False,0,False,0,0.3,0s ,"[0.0, 0.002, 0.002, 0.0, 0.001, 0.005]"
10,"[0.9655393735217765, -0.028196757619555604, 0.002225641732711816, -0.25871549539561217]",-30.0,,-1.05,107.546875,346.875,60.0,45.0,0.0,1678,15.59,1.0,0.0,1.0,0.0,75.0,75.0,54.7244,79.9213,3.94,0.3987,6.897896281111382e-05,80.0,100.0,True,True,rudder angle,1.92,0.214,0.085,simple,0.0,104.8,22.81,0.5,pypilot,0.1,0.0,-10.0,gpsd,none,servo,none,9.989,0,40s ,0.2,0.2,0.1,"[-0.008, -0.05, 0.983]","[-0.127, -0.0, 0.191]","[-23.25, 21.25, 51.375]","[-0.001, 0.001, -0.013]",0.488,-0.428,-0.091,-0.092,0.19,0.695,-0.43,0.067,0.169,10.96,10.96,"[0.93652401, 0.02529888, 0.00529286, 0.34964944]",0.0,0.169,44.397229833,4.23148,False,False,-9.54,0.005,idle,False,False,False,0,0,12.1,0.0,19.0,False,False,0.0,0.0,-9.54,0.0,idle,Servo,SYNC,cypilot 0.3.2,42.803,rudder angle,0.0,2,0.0,False,0.0,0.0,0.0,0.0,False,False,-9.0,9.0,0.267,none,port,0.0,0.0,0.0,False,0,False,0,0.3,0s ,"[0.0, 0.001, 0.002, 0.0, 0.001, 0.004]"
10,"[0.9655393735217765, -0.028196757619555604, 0.002225641732711816, -0.25871549539561217]",-30.0,,-1.05,107.546875,346.875,60.0,45.0,0.0,1678,15.59,1.0,0.0,1.0,0.0,75.0,75.0,54.7244,79.9213,3.94,0.3987,6.897896281111382e-05,80.0,100.0,True,True,rudder angle,1.92,0.214,0.085,simple,0.0,104.8,22.81,0.5,pypilot,0.1,0.0,-10.0,gpsd,none,servo,none,9.969,0,40s ,0.2,0.2,0.1,"[-0.008, -0.051, 0.985]","[-0.382, -0.0, 0.255]","[-21.75, 20.75, 51.75]","[0.0, 0.0, -0.013]",0.488,-0.428,-0.282,-0.261,0.251,5.677,-0.43,0.042,0.249,10.96,10.96,"[0.93652401, 0.02529888, 0.00529286, 0.34964944]",0.0,0.169,44.397229833,4.23148,False,False,-9.55,0.001,idle,False,False,False,0,0,12.1,0.0,19.0,False,False,0.0,0.0,-9.55,0.0,idle,Servo,SYNC,cypilot 0.3.2,43.003,rudder angle,0.0,2,0.0,False,0.0,0.0,0.0,0.0,False,False,-9.0,9.0,0.268,none,port,0.0,0.0,0.0,False,0,False,0,0.3,0s ,"[0.0, 0.001, 0.003, 0.001, 0.001, 0.005]"
10,"[0.9655393735217765, -0.028196757619555604, 0.002225641732711816, -0.25871549539561217]",-30.0,,-1.05,107.546875,346.875,60.0,45.0,0.0,1678,15.59,1.0,0.0,1.0,0.0,75.0,75.0,54.7244,79.9213,3.94,0.3987,6.897896281111382e-05,80.0,100.0,True,True,rudder angle,1.92,0.214,0.085,simple,0.0,104.8,22.81,0.5,pypilot,0.1,0.0,-10.0,gpsd,none,servo,none,9.969,0,40s ,0.2,0.2,0.1,"[-0.006, -0.049, 0.983]","[-0.064, 0.064, -0.127]","[-22.188, 20.75, 51.0]","[0.001, 0.001, -0.014]",0.488,-0.428,-0.093,0.012,-0.124,-1.243,-0.43,0.002,-0.149,10.96,10.96,"[0.93652401, 0.02529888, 0.00529286, 0.34964944]",0.0,0.169,44.397229833,4.23148,False,False,-9.54,0.006,idle,False,False,False,0,0,12.1,0.0,19.0,False,False,0.0,0.0,-9.54,0.0,idle,Servo,SYNC,cypilot 0.3.2,43.204,rudder angle,0.0,2,0.0,False,0.0,0.0,0.0,0.0,False,False,-9.0,9.0,0.27,none,port,0.0,0.0,0.0,False,0,False,0,0.3,0s ,"[0.0, 0.001, 0.002, 0.0, 0.0, 0.003]"
10,"[0.9655393735217765, -0.028196757619555604, 0.002225641732711816, -0.25871549539561217]",-30.0,,-1.05,107.546875,346.875,60.0,45.0,0.0,1678,15.59,1.0,0.0,1.0,0.0,75.0,75.0,54.7244,79.9213,3.94,0.3987,6.897896281111382e-05,80.0,100.0,True,True,rudder angle,1.92,0.214,0.085,simple,0.0,104.8,22.81,0.5,pypilot,0.1,0.0,-10.0,gpsd,none,servo,none,9.998,0,41s ,0.2,0.2,0.1,"[-0.007, -0.047, 0.984]","[-0.0, 0.064, 0.064]","[-22.562, 21.25, 51.0]","[0.0, 0.0, -0.013]",0.488,-0.428,-0.04,0.045,0.067,1.298,-0.43,0.005,0.064,10.96,10.96,"[0.93652401, 0.02529888, 0.00529286, 0.34964944]",0.0,0.169,44.397229833,4.23148,False,False,-9.55,0.002,idle,False,False,False,0,0,12.1,0.0,19.0,False,False,0.0,0.0,-9.55,0.0,idle,Servo,SYNC,cypilot 0.3.2,43.404,rudder angle,0.0,2,0.0,False,0.0,0.0,0.0,0.0,False,False,-9.0,9.0,0.271,none,port,0.0,0.0,0.0,False,0,False,0,0.3,0s ,"[0.0, 0.001, 0.002, 0.0, 0.001, 0.004]"
10,"[0.9655393735217765, -0.028196757619555604, 0.002225641732711816, -0.25871549539561217]",-30.0,,-1.05,107.546875,346.875,60.0,45.0,0.0,1678,15.59,1.0,0.0,1.0,0.0,75.0,75.0,54.7244,79.9213,3.94,0.3987,6.897896281111382e-05,80.0,100.0,True,True,rudder angle,1.92,0.214,0.085,simple,0.0,104.8,22.81,0.5,pypilot,0.1,0.0,-10.0,gpsd,none,servo,none,9.998,0,41s ,0.2,0.2,0.1,"[-0.007, -0.051, 0.984]","[-0.064, 0.064, 0.191]","[-21.75, 21.688, 51.0]","[0.002, 0.0, -0.014]",0.488,-0.428,-0.084,-0.002,0.193,2.619,-0.429,0.031,0.192,10.96,10.96,"[0.93652401, 0.02529888, 0.00529286, 0.34964944]",0.0,0.373,44.397226333,4.231482333,False,False,-9.55,0.002,idle,False,False,False,0,0,12.1,0.0,19.0,False,False,0.0,0.0,-9.55,0.0,idle,Servo,SYNC,cypilot 0.3.2,43.604,rudder angle,0.0,2,0.0,False,0.0,0.0,0.0,0.0,False,False,-9.0,9.0,0.272,none,port,0.0,0.0,0.0,False,0,False,0,0.3,0s ,"[0.0, 0.0, 0.001, 0.0, 0.0, 0.001]"
10,"[0.9655393735217765, -0.028196757619555604, 0.002225641732711816, -0.25871549539561217]",-30.0,,-1.05,107.546875,346.875,60.0,45.0,0.0,1678,15.59,1.0,0.0,1.0,0.0,75.0,75.0,54.7244,79.9213,3.94,0.3987,6.897896281111382e-05,80.0,100.0,True,True,rudder angle,1.92,0.214,0.085,simple,0.0,104.8,22.81,0.5,pypilot,0.1,0.0,-10.0,gpsd,none,servo,none,10.01,0,41s ,0.2,0.2,0.1,"[-0.005, -0.049, 0.984]","[-0.0, -0.064, -0.0]","[-22.188, 21.25, 51.75]","[0.0, 0.001, -0.012]",0.488,-0.428,0.042,-0.048,-0.003,-2.56,-0.429,0.059,-0.047,10.96,10.96,"[0.93652401, 0.02529888, 0.00529286, 0.34964944]",0.0,0.373,44.397226333,4.231482333,False,False,-9.54,0.005,idle,False,False,False,0,0,12.1,0.0,19.0,False,False,0.0,0.0,-9.54,0.0,idle,Servo,SYNC,cypilot 0.3.2,43.804,rudder angle,0.0,2,0.0,False,0.0,0.0,0.0,0.0,False,False,-9.0,9.0,0.273,none,port,0.0,0.0,0.0,False,0,False,0,0.3,0s ,"[0.0, 0.0, 0.001, 0.0, 0.0, 0.001]"
